序號,券商,價格,買進股數,賣出股數,,序號,券商,價格,買進股數,"賣出股數"
1,合　　庫,106.50,0,1000,,2,合　　庫,107.00,299,11112 
3,合　　庫,107.50,100,1000,,4,合　　庫,108.00,9000,0 
5,合庫台中,107.00,7150,22900,,6,合庫台中,107.50,200,11000 
7,合庫台中,108.00,12000,0,,8,合庫台南,107.00,500,600 
9,合庫台南,107.50,0,1249,,10,合庫高雄,107.00,100,12000 
11,合庫高雄,107.50,0,3400,,12,合庫高雄,108.00,1000,0 
13,合庫嘉義,107.50,0,1000,,14,合庫嘉義,108.00,1000,0 
15,合庫基隆,107.00,0,3000,,16,合庫基隆,107.50,1000,0 
17,合庫彰化,107.00,0,1000,,18,合庫彰化,108.00,1000,0 
19,合庫彰化,108.50,1000,0,,20,合庫鳳山,107.00,1000,0 
21,合庫鳳山,107.50,1000,1000,,22,合庫新竹,106.50,1000,0 
23,合庫新竹,107.00,1000,20000,,24,合庫新竹,107.50,1000,3000 
25,合庫新竹,108.00,4000,0,,26,合庫自強,106.50,0,1000 
27,合庫自強,107.00,3000,7300,,28,合庫自強,107.50,2000,0 
29,合庫自強,108.00,0,1000,,30,合庫桃園,107.00,1000,305049 
31,合庫桃園,107.50,1000,12000,,32,合庫桃園,108.00,23000,0 
33,合庫西台,107.00,0,4000,,34,合庫西台,107.50,1000,0 
35,合庫西台,108.00,0,3000,,36,合庫三重,107.00,10000,1000 
37,土　　銀,107.00,10500,0,,38,土　　銀,107.50,0,24000 
39,土銀台中,107.00,2000,4000,,40,土銀台中,107.50,1000,0 
41,土銀台南,107.00,2070,0,,42,土銀台南,107.50,1000,0 
43,土銀高雄,107.00,2000,1000,,44,土銀高雄,107.50,1000,1000 
45,土銀嘉義,107.00,3000,0,,46,土銀新竹,107.50,50,12000 
47,土銀新竹,108.00,1000,0,,48,土銀玉里,107.00,3000,1000 
49,土銀玉里,107.50,0,2000,,50,土銀花蓮,107.50,0,1100 
51,土銀和平,107.00,1000,0,,52,土銀士林,107.00,2000,0 
53,土銀士林,107.50,0,1000,,54,土銀建國,106.50,2000,1030 
55,土銀建國,107.00,1000,1000,,56,土銀建國,107.50,0,1000 
57,土銀彰化,107.00,0,6000,,58,土銀彰化,108.00,1000,1000 
59,土銀白河,107.00,2000,0,,60,土銀南港,107.00,0,1000 
61,土銀南港,107.50,0,1000,,62,臺銀,106.50,0,2000 
63,臺銀,107.00,113536,21305,,64,臺銀,107.50,402036,2600 
65,臺銀鳳山,107.00,4233,13100,,66,臺銀鳳山,107.50,10000,4390 
67,臺銀鳳山,108.00,8000,0,,68,臺銀臺南,107.00,9000,5009 
69,臺銀臺南,107.50,100,1030,,70,臺銀臺南,108.00,1000,0 
71,臺銀民權,106.50,2000,1000,,72,臺銀民權,107.00,3110,3120 
73,臺銀民權,107.50,2000,4030,,74,臺銀新竹,106.50,0,1000 
75,臺銀新竹,107.00,1048,14200,,76,臺銀新竹,107.50,0,1000 
77,臺銀臺中,106.50,0,2000,,78,臺銀臺中,107.00,30420,9072 
79,臺銀臺中,107.50,3000,7076,,80,臺銀臺中,108.00,2000,0 
81,臺銀高雄,107.00,4100,6670,,82,臺銀高雄,107.50,4000,800 
83,臺銀高雄,108.00,3000,0,,84,臺銀金山,106.50,1000,0 
85,臺銀金山,107.00,15000,3000,,86,臺銀金山,107.50,1000,5000 
87,臺銀金山,108.00,3000,0,,88,企銀,107.00,2000,14000 
89,企銀,108.00,0,1000,,90,企銀台中,107.00,300,1000 
91,企銀九如,107.50,0,1000,,92,企銀太平,107.00,2000,10000 
93,企銀豐原,106.50,0,2000,,94,企銀豐原,107.00,0,650 
95,企銀民雄,107.00,1365,1022,,96,企銀民雄,107.50,0,2110 
97,台企建成,107.00,1000,1000,,98,企銀桃園,107.00,0,2000 
99,企銀桃園,107.50,0,2000,,100,企銀北高,107.00,2000,0 
101,企銀埔墘,107.00,0,1000,,102,日盛,107.00,3078,25000 
103,日盛,107.50,1100,1000,,104,日盛忠孝,107.00,5030,0 
105,日盛忠孝,107.50,3000,3000,,106,日盛台南,107.00,2000,1000 
107,日盛台南,108.00,1000,0,,108,日盛台中,106.50,0,100 
109,日盛台中,107.00,1150,7400,,110,日盛台中,107.50,2000,78200 
111,日盛台中,108.00,0,1000,,112,日盛內湖,107.00,0,2000 
113,日盛內湖,107.50,0,1000,,114,日盛板橋,106.50,1000,0 
115,日盛板橋,107.00,0,3039,,116,日盛板橋,107.50,4000,1383 
117,日盛雙和,107.00,3000,2500,,118,日盛雙和,107.50,3000,1000 
119,日盛雙和,108.00,1000,0,,120,日盛嘉義,107.00,0,10000 
121,日盛嘉義,107.50,0,2000,,122,日盛高雄,107.00,5100,4000 
123,日盛高雄,107.50,2000,400,,124,日盛高雄,108.00,1000,0 
125,日盛士林,107.00,1000,6000,,126,日盛士林,107.50,1000,1000 
127,日盛士林,108.00,0,1000,,128,日盛木柵,107.00,53510,0 
129,日盛木柵,107.50,1000,0,,130,日盛木柵,108.00,1000,0 
131,日盛園區,107.50,500,0,,132,日盛中壢,107.00,0,2000 
133,日盛中壢,107.50,0,1000,,134,日盛豐原,106.50,0,3000 
135,日盛豐原,107.00,0,600,,136,日盛豐原,107.50,0,1400 
137,日盛八德,107.00,2018,46000,,138,日盛八德,107.50,1000,0 
139,日盛三峽,107.00,5000,0,,140,日盛三重,107.00,3000,2000 
141,日盛復興,107.00,0,2000,,142,日盛員林,107.00,2000,2000 
143,日盛員林,107.50,1000,0,,144,日盛龍潭,107.00,1046,1000 
145,日盛景美,106.50,5000,1000,,146,日盛景美,107.00,20000,42300 
147,日盛景美,107.50,2000,0,,148,日盛新竹,106.50,200,0 
149,日盛新竹,107.00,0,2200,,150,日盛新竹,107.50,1000,200 
151,日盛新竹,108.00,2000,0,,152,日盛樹林,106.50,0,2000 
153,日盛樹林,107.00,7010,6000,,154,日盛樹林,107.50,7000,2000 
155,日盛樹林,108.00,2000,3000,,156,日盛南京,107.00,0,2000 
157,日盛頭份,106.50,2000,2000,,158,日盛頭份,107.00,5000,2000 
159,日盛頭份,107.50,2053,1000,,160,日盛頭份,108.00,4000,0 
161,日盛中山,107.00,0,1000,,162,日盛中山,107.50,0,2000 
163,日盛北高,107.00,100,1200,,164,日盛北高,107.50,1200,1000 
165,日盛北高,108.00,1000,0,,166,日盛花蓮,107.00,2200,1000 
167,日盛花蓮,107.50,1000,8000,,168,日盛大墩,106.50,0,1000 
169,日盛大墩,107.00,2000,3000,,170,日盛大墩,107.50,1300,1500 
171,日盛大墩,108.00,2000,0,,172,日盛和美,106.50,0,1000 
173,日盛和美,107.00,10000,3000,,174,日盛和美,107.50,3000,0 
175,日盛和美,108.00,1000,0,,176,日盛屏東,107.00,10,1500 
177,日盛屏東,107.50,0,3500,,178,日盛屏東,108.00,1000,0 
179,日盛永康,107.00,4000,100,,180,日盛永康,107.50,0,1000 
181,日盛永康,108.00,1000,0,,182,日盛信義,107.00,1000,3000 
183,日盛信義,107.50,0,2000,,184,日盛信義,108.00,2000,0 
185,日盛二林,107.00,31000,0,,186,日盛二林,107.50,0,10000 
187,日盛二林,108.00,5000,0,,188,日盛文化,107.00,4000,6000 
189,日盛文化,107.50,1000,0,,190,日盛土城,107.00,0,2000 
191,日盛土城,107.50,5000,0,,192,日盛新莊,107.00,7100,2146 
193,日盛新莊,107.50,11000,7200,,194,日盛桃園,107.00,6000,4000 
195,日盛桃園,108.00,2000,0,,196,日盛斗六,107.00,15000,0 
197,日盛鳳山,107.00,0,2000,,198,日盛鳳山,107.50,1100,2000 
199,日盛鳳山,108.00,1000,0,,200,日盛宜蘭,107.00,16000,7000 
201,日盛中和,107.00,2100,0,,202,日盛中和,107.50,100,3000 
203,彰銀,107.00,2000,2000,,204,彰銀,107.50,80,0 
205,彰銀台中,106.50,100,0,,206,彰銀台中,107.00,1000,0 
207,彰銀台中,107.50,0,5000,,208,彰銀台中,108.00,0,1000 
209,宏遠,106.50,100000,0,,210,宏遠,107.00,20,1000 
211,宏遠,107.50,50010,105000,,212,宏遠,108.00,0,8000 
213,宏遠桃園,107.50,1000,1000,,214,宏遠桃園,108.00,0,1000 
215,宏遠台南,106.50,1000,0,,216,宏遠台南,107.00,1000,6000 
217,宏遠台南,107.50,7000,5000,,218,宏遠台南,108.00,13000,0 
219,宏遠中和,107.00,0,1000,,220,宏遠中和,107.50,0,22000 
221,宏遠光隆,107.00,1100,18000,,222,宏遠光隆,107.50,1000,4100 
223,宏遠台中,107.00,50,1000,,224,宏遠台中,107.50,50,2000 
225,宏遠高雄,106.50,0,1000,,226,宏遠高雄,107.00,2000,2000 
227,宏遠高雄,107.50,1000,10,,228,宏遠館前,107.00,1000,10000 
229,宏遠新化,107.00,33,0,,230,宏遠新化,107.50,1,0 
231,港麥格理,107.00,82000,362000,,232,港麥格理,107.50,11000,0 
233,港麥格理,108.00,1000,0,,234,台灣匯立,107.00,574000,100000 
235,台灣匯立,107.50,919805,50000,,236,台灣匯立,108.00,0,100000 
237,美林,106.50,0,20000,,238,美林,107.00,905000,1541558 
239,美林,107.50,560000,63000,,240,美林,108.00,33000,10000 
241,台灣摩根,106.50,0,15000,,242,台灣摩根,107.00,297000,464000 
243,台灣摩根,107.50,574000,131000,,244,台灣摩根,108.00,225000,46000 
245,台灣摩根,108.50,18000,0,,246,美商高盛,106.50,1000,9000 
247,美商高盛,107.00,152000,409600,,248,美商高盛,107.50,747766,40000 
249,美商高盛,108.00,83000,37000,,250,瑞士信貸,107.50,0,1123000 
251,瑞士信貸,108.00,0,30000,,252,港商野村,107.50,39000,0 
253,港商野村,108.00,0,95000,,254,港商法興,107.00,356000,22000 
255,港商法興,107.50,230000,0,,256,花旗環球,106.50,0,7000 
257,花旗環球,107.00,345000,334600,,258,花旗環球,107.50,377000,70000 
259,花旗環球,108.00,87000,315000,,260,瑞銀,107.00,1314000,1228000 
261,瑞銀,107.50,403000,508000,,262,瑞銀,108.00,104000,196000 
263,瑞銀,108.50,19000,0,,264,亞東,106.50,363,0 
265,亞東,107.00,51300,1000,,266,亞東,107.50,11000,11124 
267,亞東板橋,107.50,400,13000,,268,亞東板橋,108.00,5000,0 
269,亞東新竹,107.00,18000,0,,270,亞東新竹,108.00,3000,0 
271,亞東台南,106.50,5000,0,,272,亞東台南,107.00,10000,4000 
273,亞東台南,107.50,5000,25000,,274,亞東台南,108.00,5000,0 
275,亞東高雄,107.00,10,2000,,276,亞東高雄,107.50,2000,0 
277,大展,107.00,2330,1000,,278,大展,107.50,0,11000 
279,大展台南,107.50,40000,1000,,280,美好蘆洲,107.00,8200,7000 
281,美好蘆洲,107.50,101,0,,282,美好楊梅,107.00,1000,9100 
283,美好楊梅,107.50,0,1000,,284,美好楊梅,108.00,1000,0 
285,美好泰山,107.00,2000,0,,286,美好泰山,107.50,0,100 
287,美好高雄,107.00,100,1000,,288,美好苗栗,107.00,0,50 
289,美好苗栗,107.50,1000,0,,290,美好中壢,107.00,8000,0 
291,美好中壢,107.50,0,5000,,292,美好中壢,108.00,1000,0 
293,美好基隆,107.00,2000,2000,,294,美好中和,107.00,0,2000 
295,美好中和,107.50,4,0,,296,美好富順,106.50,0,2000 
297,美好富順,107.00,1000,4000,,298,美好富順,107.50,1,10000 
299,美好富順,108.00,2000,0,,300,高橋,106.50,0,9000 
301,高橋,107.00,1000,15200,,302,高橋,107.50,3000,1000 
303,高橋,108.00,2000,0,,304,高橋龍潭,107.00,7000,5000 
305,高橋龍潭,107.50,0,2000,,306,高橋龍潭,108.00,0,1000 
307,高橋中壢,107.00,1000,1112,,308,高橋內壢,107.00,0,2000 
309,高橋內壢,108.00,2000,0,,310,第一金證,107.00,0,1000 
311,第一金證,107.50,1000,551,,312,第一金證,108.00,0,1000 
313,第一金證,108.50,1000,0,,314,第一員林,107.00,1029,2000 
315,第一員林,107.50,0,3000,,316,第一員林,108.00,1000,0 
317,第一台中,107.00,0,1100,,318,第一高雄,106.50,1000,0 
319,第一高雄,107.00,4200,7000,,320,第一高雄,107.50,304,3000 
321,第一高雄,108.00,4000,0,,322,第一台南,107.00,100,7000 
323,第一台南,107.50,3010,14050,,324,第一桃園,107.00,6000,3000 
325,第一桃園,107.50,2000,0,,326,第一彰化,106.50,0,1000 
327,第一彰化,107.00,1000,1000,,328,第一彰化,107.50,0,100 
329,第一澎湖,107.00,2000,4010,,330,第一澎湖,107.50,0,1000 
331,第一中山,106.50,0,5000,,332,第一中山,107.00,1200,0 
333,第一中山,107.50,3000,0,,334,第一新興,107.00,1030,15000 
335,第一新興,107.50,2030,1000,,336,第一新竹,106.50,0,1000 
337,第一新竹,107.00,2000,2000,,338,第一新竹,107.50,2000,0 
339,第一光復,107.00,20,2000,,340,第一光復,107.50,200,1000 
341,第一忠孝,107.00,3000,2000,,342,第一忠孝,107.50,2000,0 
343,第一自由,107.00,2030,3050,,344,第一自由,107.50,0,1000 
345,第一稻埕,107.00,1000,1000,,346,第一稻埕,107.50,4000,2000 
347,第一頭份,107.00,1000,10000,,348,第一頭份,107.50,100,200 
349,第一安和,107.00,13000,0,,350,第一安和,107.50,2000,0 
351,第一嘉義,107.00,1000,0,,352,第一嘉義,108.00,1000,1000 
353,第一豐原,107.00,200,0,,354,第一路竹,107.00,275,1000 
355,第一路竹,107.50,1000,0,,356,第一路竹,108.00,1000,0 
357,第一華江,107.00,11000,20000,,358,第一華江,107.50,4000,0 
359,第一中壢,107.00,3000,0,,360,第一中壢,107.50,1010,11000 
361,第一中壢,108.00,2000,0,,362,寶盛,107.00,1000,0 
363,寶盛,107.50,1000,0,,364,永興,107.00,0,3000 
365,永興水湳,107.00,2000,1000,,366,永興水湳,107.50,1000,0 
367,永興台中,107.00,2000,1000,,368,永興大墩,107.00,20000,6000 
369,永興大墩,107.50,0,10000,,370,永興大墩,108.00,2000,1000 
371,日進,107.00,14000,1000,,372,日進,107.50,2000,0 
373,日進,108.00,0,3000,,374,統一,107.00,10310,2100 
375,統一,107.50,29000,13000,,376,統一,108.00,4000,6000 
377,統一高雄,107.00,1000,0,,378,統一敦南,106.50,3000,0 
379,統一敦南,107.00,6503,1000,,380,統一敦南,107.50,1000,0 
381,統一中壢,107.00,3000,15000,,382,統一中壢,107.50,1000,3020 
383,統一中壢,108.00,4000,1000,,384,統一城中,107.00,50,3000 
385,統一城中,107.50,0,1000,,386,統一台南,106.50,0,1000 
387,統一台南,107.00,10000,1000,,388,統一台南,107.50,100,0 
389,統一台中,107.00,5000,5300,,390,統一台中,107.50,1000,40 
391,統一台中,108.00,0,9000,,392,統一新竹,107.00,0,11000 
393,統一新竹,107.50,20,35,,394,統一嘉義,107.00,2000,2000 
395,統一嘉義,107.50,1000,0,,396,統一屏東,106.50,0,1000 
397,統一屏東,107.00,5000,4000,,398,統一屏東,107.50,5000,4000 
399,統一屏東,108.00,1000,0,,400,統一屏東,108.50,0,5000 
401,統一基隆,107.00,4100,1000,,402,統一基隆,107.50,100,9000 
403,統一基隆,108.00,1000,2000,,404,統一內湖,107.00,1000,0 
405,統一內湖,107.50,5000,0,,406,統一內湖,108.00,1000,1000 
407,統一永和,107.50,1000,0,,408,統一仁愛,107.00,0,10 
409,統一新台中,106.50,0,2000,,410,統一新台中,107.00,3010,1000 
411,統一新台中,107.50,0,3000,,412,統一新台中,108.00,3000,0 
413,統一新營,106.50,0,1000,,414,統一彰化,107.00,400000,210050 
415,統一彰化,107.50,200,200000,,416,統一彰化,108.00,210000,210000 
417,統一平鎮,107.00,0,1000,,418,統一平鎮,107.50,4000,2034 
419,統一桃園,107.00,1000,1000,,420,統一員林,107.00,1000,0 
421,統一三重,106.50,100000,0,,422,統一三重,107.00,116000,101000 
423,統一三重,107.50,110000,110000,,424,統一竹南,106.50,0,1000 
425,統一竹南,107.00,8,1000,,426,統一士林,106.50,0,1000 
427,統一士林,107.00,0,49,,428,統一士林,107.50,200,2000 
429,統一板橋,107.00,2000,1000,,430,統一板橋,108.00,1000,0 
431,統一三多,107.00,2001,2000,,432,統一三多,107.50,1000,100 
433,統一三多,108.00,2000,0,,434,統一汐止,107.00,2000,2000 
435,統一汐止,107.50,2400,1000,,436,統一汐止,108.00,3000,0 
437,統一宜蘭,106.50,0,8000,,438,統一宜蘭,107.00,1100,2000 
439,統一南京,107.00,2000,0,,440,統一南京,107.50,1000,2110 
441,統一土城,107.00,2100,0,,442,統一土城,107.50,0,352 
443,統一松江,107.00,1193,2000,,444,盈溢籬子內,107.50,0,1000 
445,元富,107.00,299000,28000,,446,元富,107.50,461000,7000 
447,元富,108.00,20000,0,,448,元富高雄,107.00,2000,328 
449,元富高雄,107.50,10,22,,450,元富新店,107.00,1012,30 
451,元富新店,107.50,1000,1000,,452,元富新店,108.00,0,8000 
453,元富三重,107.00,3000,0,,454,元富三重,107.50,37,0 
455,元富三重,108.00,31000,0,,456,元富台中,106.50,0,1000 
457,元富台中,107.00,1000,4795,,458,元富台中,107.50,4000,22300 
459,元富台中,108.00,2000,0,,460,元富林園,107.50,12,1000 
461,元富新莊,107.50,50,0,,462,元富新莊,108.00,0,1000 
463,元富台南,107.00,51000,10000,,464,元富台南,107.50,0,400 
465,元富台南,108.00,1000,0,,466,元富松德,107.00,13000,56000 
467,元富松德,107.50,8300,0,,468,元富松德,108.00,1000,22000 
469,元富緯城,107.00,0,15000,,470,元富緯城,107.50,1046,6025 
471,元富緯城,108.00,1000,0,,472,元富板橋,107.00,2013,8000 
473,元富板橋,107.50,1,1054,,474,元富永和,107.00,2000,0 
475,元富永和,107.50,1700,1000,,476,元富烏日,107.00,0,1000 
477,元富烏日,108.00,1000,0,,478,元富潮洲,107.00,0,14000 
479,元富潮洲,107.50,3050,0,,480,元富大昌,107.00,9020,17000 
481,元富大昌,107.50,5119,2000,,482,元富大昌,108.00,1000,1000 
483,元富古亭,107.00,5000,0,,484,元富古亭,107.50,2000,1000 
485,元富城中,107.00,3000,7000,,486,元富城中,107.50,140,12000 
487,元富城中,108.00,10000,0,,488,元富中原,107.00,2050,0 
489,元富中原,107.50,0,81,,490,元富新竹,107.00,0,1000 
491,元富新竹,108.00,3000,0,,492,元富信義,107.00,3000,1100 
493,元富信義,107.50,1000,0,,494,元富中港,107.00,1000,2560 
495,元富中港,107.50,1000,186,,496,元富嘉義,107.00,5000,2100 
497,元富嘉義,107.50,3227,0,,498,元富嘉義,108.00,1000,0 
499,元富大裕,107.00,23,1000,,500,元富中壢,107.00,1000,10009 
501,元富中壢,107.50,125,0,,502,元富中壢,108.00,5000,0 
503,元富成功,107.00,5005,8000,,504,元富成功,107.50,5,0 
505,元富彰化,107.00,3000,0,,506,元富彰化,108.50,0,2000 
507,元富西松,106.50,0,1000,,508,元富西松,107.00,1000,2000 
509,元富西松,107.50,5,0,,510,元富西松,108.00,3000,0 
511,元富虎尾,107.50,1046,2000,,512,元富新興,106.50,3000,4000 
513,元富新興,107.00,3105,3000,,514,元富新興,107.50,100,6000 
515,元富新興,108.00,1000,0,,516,元富同大,106.50,0,1000 
517,元富同大,107.00,5000,22171,,518,元富同大,107.50,1000,7000 
519,元富同大,108.50,0,1000,,520,元富屏東,107.00,0,1000 
521,元富屏東,107.50,1064,1000,,522,元富敦南,107.00,2000,0 
523,元富敦南,107.50,0,22000,,524,元富城東,107.00,2000,5000 
525,元富城東,107.50,1162,13015,,526,元富城東,108.00,1000,1000 
527,元富基隆,106.50,0,800,,528,元富基隆,107.00,3216,1015 
529,元富世貿,107.00,3000,3000,,530,元富世貿,107.50,200,0 
531,元富世貿,108.00,1000,0,,532,元富宜蘭,107.00,0,11000 
533,元富宜蘭,107.50,1000,0,,534,元富桃園,107.00,2000,4001 
535,元富桃園,107.50,3,100,,536,元富佳里,107.00,2000,13000 
537,元富佳里,107.50,100,1000,,538,元富吉利,107.00,2000,1000 
539,元富吉利,107.50,1000,0,,540,元富草屯,107.00,0,300 
541,元富草屯,107.50,92,0,,542,元富花蓮,107.00,0,11000 
543,元富花蓮,107.50,160100,1597000,,544,元富花蓮,108.00,2110000,0 
545,元富埔里,107.00,0,2000,,546,元富文心,107.00,0,4000 
547,元富文心,108.00,0,55000,,548,元富安南,106.50,0,3000 
549,元富安南,107.00,5000,4100,,550,元富安南,107.50,2000,3000 
551,元富安南,108.00,2000,0,,552,日茂,106.50,0,1000 
553,日茂,107.00,4000,3000,,554,日茂埔里,107.00,1000,1000 
555,日茂南投,108.00,5000,2000,,556,?亞網路,106.50,0,7000 
557,?亞網路,107.00,5000,212,,558,?亞網路,107.50,6000,0 
559,?亞網路,108.00,3000,0,,560,?亞鑫豐,106.50,2000,100 
561,?亞鑫豐,107.00,9000,13000,,562,?亞鑫豐,107.50,1050,3000 
563,?亞鑫豐,108.00,20000,4000,,564,台中銀,107.00,3500,2000 
565,台中銀,107.50,0,2000,,566,台中銀,108.00,1000,0 
567,中銀員林,107.00,1010,6200,,568,中銀員林,107.50,1000,1000 
569,中銀台北,107.00,0,1000,,570,中銀台北,108.00,3000,0 
571,中銀豐原,107.00,2000,3000,,572,中銀豐原,107.50,1000,5000 
573,中國信託,106.50,0,16000,,574,中國信託,107.00,12302,60200 
575,中國信託,107.50,14150,4656,,576,中國信託,108.00,2000,1000 
577,中信三重,107.00,2000,5000,,578,中信三重,107.50,3200,0 
579,中信三重,108.00,4000,0,,580,中信託忠,106.50,0,2000 
581,中信託忠,107.00,1050,6000,,582,中信託忠,107.50,14005,0 
583,中信託忠,108.00,0,3000,,584,中信託永,107.00,1000,4200 
585,中信託永,107.50,3000,0,,586,中信託永,108.00,4000,0 
587,中信託文,106.50,0,5000,,588,中信託文,107.00,13200,9200 
589,中信託文,107.50,0,1030,,590,中信託文,108.00,0,2000 
591,中信託新,107.00,80500,91000,,592,中信託新,107.50,82046,80000 
593,中信松江,107.00,1200,0,,594,中信松江,107.50,3000,0 
595,中信松江,108.00,0,1000,,596,中信嘉義,107.00,2593,0 
597,中信嘉義,107.50,1000,0,,598,中信中壢,107.00,17025,14100 
599,中信中壢,107.50,8000,6000,,600,中信中壢,108.00,4000,0 
601,中信託高,106.50,1000,0,,602,中信託高,107.00,94100,4150 
603,中信託高,107.50,3020,93000,,604,中信託高,108.00,1000,2000 
605,新百王,106.50,0,1000,,606,新百王,107.00,5000,4000 
607,新百王,107.50,2000,3000,,608,新百王,108.00,1000,1000 
609,光和,107.00,3000,6150,,610,光和,107.50,1000,2000 
611,光和,108.00,1000,0,,612,光和溪湖,107.00,1000,0 
613,光和溪湖,107.50,1000,2000,,614,光和田中,107.00,1000,0 
615,光和田中,107.50,2000,0,,616,光和田中,108.00,2000,0 
617,光和花壇,107.00,100,0,,618,光和花壇,107.50,3000,0 
619,光和嘉義,107.50,0,5000,,620,光和嘉義,108.00,2000,0 
621,光和高雄,107.00,0,1000,,622,光和高雄,107.50,0,1000 
623,永全,106.50,0,1000,,624,永全,107.00,5000,2000 
625,永全,107.50,3000,0,,626,永全南崁,107.00,2000,3000 
627,永全八德,107.00,1000,0,,628,永全八德,107.50,0,1000 
629,大昌,107.00,3000,2000,,630,大昌,107.50,5000,0 
631,大昌,108.00,0,1000,,632,大昌樹林,106.50,0,1000 
633,大昌樹林,107.00,1020,8300,,634,大昌安康,107.00,6000,1000 
635,大昌安康,107.50,1000,0,,636,大昌安康,108.00,1000,0 
637,大昌新竹,107.50,0,1100,,638,大昌新店,107.00,8000,18700 
639,大昌新店,107.50,2000,3000,,640,大昌桃園,107.00,13000,3000 
641,大昌桃園,107.50,4000,0,,642,大昌桃園,108.00,0,13000 
643,口袋,107.50,1000,0,,644,德信,107.50,0,1000 
645,德信中正,107.00,10000,1000,,646,德信中正,107.50,0,5984 
647,德信中正,108.00,1000,0,,648,德信新營,107.00,1000,0 
649,德信新營,107.50,0,2000,,650,德信新營,108.00,0,1000 
651,福勝,107.00,3000,3000,,652,福勝,107.50,4000,0 
653,兆豐,107.00,221000,414000,,654,兆豐,107.50,1000,0 
655,兆豐,108.00,6000,16000,,656,兆豐嘉義,107.00,2000,17000 
657,兆豐嘉義,107.50,1100,1000,,658,兆豐台中,107.00,0,2448 
659,兆豐台中,107.50,0,2500,,660,兆豐台中,108.00,0,1000 
661,兆豐中港,106.50,4000,0,,662,兆豐中港,107.00,24060,550 
663,兆豐中港,107.50,9000,9000,,664,兆豐中港,108.00,1000,2000 
665,兆豐台南,106.50,1000,0,,666,兆豐台南,107.00,15000,0 
667,兆豐台南,107.50,11000,1000,,668,兆豐台南,108.00,15000,0 
669,兆豐竹北,107.00,0,100,,670,兆豐竹北,107.50,0,9000 
671,兆豐三重,106.50,10000,0,,672,兆豐三重,107.00,110000,11000 
673,兆豐三重,107.50,10000,110000,,674,兆豐三重,108.00,0,10000 
675,兆豐景美,107.00,1000,3000,,676,兆豐景美,107.50,0,1000 
677,兆豐景美,108.00,1000,0,,678,兆豐忠孝,107.00,2000,3000 
679,兆豐忠孝,107.50,0,4000,,680,兆豐中壢,107.00,400,1000 
681,兆豐中壢,108.00,2000,0,,682,兆豐板橋,106.50,0,6000 
683,兆豐板橋,107.00,0,35000,,684,兆豐板橋,107.50,0,4000 
685,兆豐民生,107.00,1000,0,,686,兆豐民生,107.50,140,0 
687,兆豐來福,107.00,1100,9000,,688,兆豐來福,107.50,9000,1100 
689,兆豐來福,108.00,0,2000,,690,兆豐彰化,107.00,1000,3000 
691,兆豐彰化,107.50,1000,4000,,692,兆豐西螺,107.00,0,12000 
693,兆豐西螺,107.50,0,1000,,694,兆豐鹿港,107.00,14000,15100 
695,兆豐鹿港,107.50,3000,7000,,696,兆豐鹿港,108.00,3000,0 
697,兆豐虎尾,107.00,0,1000,,698,兆豐南門,107.00,31000,0 
699,兆豐南門,107.50,2000,0,,700,兆豐麻豆,107.00,1000,1000 
701,兆豐三民,107.00,1001,200,,702,兆豐三民,107.50,0,400 
703,兆豐東門,107.00,0,3000,,704,兆豐東門,107.50,1000,2000 
705,兆豐松德,106.50,0,1000,,706,兆豐松德,107.00,0,450 
707,兆豐北高,106.50,1000,0,,708,兆豐北高,107.00,7000,5000 
709,兆豐北高,107.50,1000,6100,,710,兆豐大安,106.50,1000,0 
711,兆豐大安,107.00,542000,0,,712,兆豐大安,107.50,1000,541050 
713,兆豐大安,108.00,14000,1000,,714,兆豐公益,107.00,3020,6000 
715,兆豐公益,107.50,5000,1000,,716,兆豐員林,106.50,1000,2000 
717,兆豐員林,107.00,13000,0,,718,兆豐員林,107.50,0,1000 
719,兆豐員林,108.00,0,2000,,720,兆豐新營,106.50,0,2000 
721,兆豐新營,107.00,4000,1000,,722,兆豐新營,107.50,500,1000 
723,兆豐新營,108.00,1000,1000,,724,兆豐天母,106.50,0,1000 
725,兆豐天母,107.00,0,6400,,726,兆豐桃園,107.00,3000,1000 
727,兆豐桃園,107.50,1000,1000,,728,兆豐桃園,108.00,2000,1000 
729,兆豐埔墘,107.00,1000,0,,730,兆豐埔墘,107.50,0,1302 
731,兆豐復興,107.00,10000,0,,732,兆豐復興,107.50,200,0 
733,兆豐復興,108.00,0,10000,,734,兆豐南京,107.00,2000,0 
735,兆豐南京,107.50,1000,1000,,736,兆豐南京,108.00,0,1000 
737,兆豐南京,108.50,0,1000,,738,兆豐內湖,107.00,1000,0 
739,兆豐內湖,107.50,0,2000,,740,兆豐寶成,107.00,3200,1390 
741,兆豐寶成,107.50,0,6000,,742,兆豐寶成,108.00,0,1000 
743,兆豐小港,107.00,0,250,,744,兆豐小港,108.00,0,1000 
745,兆豐岡山,107.00,7000,3000,,746,兆豐岡山,107.50,4000,0 
747,兆豐大同,107.00,1000,0,,748,兆豐大同,107.50,1100,0 
749,兆豐桃鶯,107.00,100,200,,750,兆豐桃鶯,107.50,1100,0 
751,兆豐桃鶯,108.00,0,5000,,752,兆豐新竹,107.00,8080,1100 
753,兆豐新竹,107.50,0,6000,,754,兆豐新莊,107.00,0,2000 
755,兆豐新莊,107.50,2000,0,,756,兆豐城中,107.00,2000,0 
757,兆豐城中,107.50,1000,0,,758,兆豐城中,108.00,5000,0 
759,兆豐永和,107.50,0,1000,,760,兆豐永和,108.00,0,1000 
761,兆豐高雄,106.50,0,1000,,762,兆豐高雄,107.00,103000,114000 
763,兆豐高雄,107.50,0,100,,764,兆豐高雄,108.00,7000,1000 
765,致和,107.00,2000,1200,,766,致和,107.50,0,100 
767,致和佳里,107.00,8000,10913,,768,致和佳里,108.00,10000,0 
769,致和府前,107.00,0,4000,,770,致和金華,107.00,5000,1000 
771,致和東門,107.00,1000,0,,772,致和高雄,107.00,1000,0 
773,致和崇德,107.50,0,2000,,774,致和崇德,108.00,1000,0 
775,豐農,107.00,3000,22000,,776,石橋,108.50,0,2000 
777,北城,107.00,5200,8000,,778,國票綜合,106.50,0,100 
779,國票綜合,107.00,10000,2000,,780,國票綜合,107.50,2000,5000 
781,國票綜合,108.00,0,1000,,782,國票北投,107.00,0,2060 
783,國票南港,107.00,13000,1000,,784,國票中正,107.00,1003,0 
785,國票中正,107.50,25000,1000,,786,國票中正,108.00,0,1000 
787,國票內壢,107.00,3000,4000,,788,國票內壢,107.50,2000,2000 
789,國票敦北,106.50,7000,3000,,790,國票敦北,107.00,101000,171000 
791,國票敦北,107.50,0,2200,,792,國票敦北,108.00,1000,2000 
793,國票台南,107.00,1000,5000,,794,國票台南,107.50,0,2000 
795,國票台南,108.00,1000,1000,,796,國票南科,107.00,10000,51700 
797,國票南科,107.50,500,11000,,798,國票南崁,107.00,600,0 
799,國票南崁,107.50,1000,0,,800,國票新莊,107.00,2100,0 
801,國票新莊,107.50,1000,0,,802,國票新莊,108.50,1000,0 
803,國票嘉義,107.00,300,1000,,804,國票和平,107.00,10,15000 
805,國票和平,107.50,5000,11000,,806,國票北高,107.00,5200,1000 
807,國票北高,107.50,0,1000,,808,國票中港,106.50,1000,0 
809,國票南京,107.00,40100,2000,,810,國票南京,107.50,20000,0 
811,國票九鼎,106.50,0,1000,,812,國票九鼎,107.00,10001,7000 
813,國票九鼎,107.50,0,3000,,814,國票桃園,107.00,0,52000 
815,國票長城,107.00,2000,6000,,816,國票長城,107.50,3000,1000 
817,國票台中,107.00,3000,1000,,818,國票台中,107.50,0,10000 
819,國票天祥,107.00,8020,2000,,820,國票天祥,107.50,0,1000 
821,國票天祥,108.00,4000,1000,,822,國票彰化,107.00,0,10000 
823,國票中和,107.00,4000,6000,,824,國票中和,107.50,5100,2000 
825,國票中和,108.00,1000,0,,826,國票博愛,107.00,0,1000 
827,國票博愛,107.50,4000,1000,,828,國票安和,107.00,14000,8000 
829,國票安和,107.50,6000,8000,,830,國票安和,108.00,4000,1000 
831,台新,106.50,0,150,,832,台新,107.00,156399,48800 
833,台新,107.50,104355,12035,,834,台新,108.00,20000,0 
835,台新建北,106.50,0,2000,,836,台新建北,107.00,0,14000 
837,台新建北,107.50,0,2000,,838,台新新莊,107.00,4000,6000 
839,台新新莊,107.50,0,2000,,840,台新新莊,108.00,10000,0 
841,台新三民,107.00,31040,21100,,842,台新三民,107.50,1000,10000 
843,台新三民,108.00,1000,0,,844,台新左楠,107.00,0,21000 
845,台新左楠,107.50,100,10000,,846,台新左楠,108.00,2000,0 
847,台新松江,107.00,65,2000,,848,台新松江,107.50,0,1139 
849,台新松江,108.00,2000,0,,850,台新台南,107.00,2010,11200 
851,台新台南,107.50,3000,0,,852,台新台南,108.00,2000,0 
853,台新高雄,106.50,5000,0,,854,台新高雄,107.00,16361,6950 
855,台新高雄,107.50,12000,5218,,856,台新高雄,108.00,0,6000 
857,台新台中,106.50,8000,0,,858,台新台中,107.00,8105,18200 
859,台新台中,107.50,1100,3775,,860,台新台中,108.00,8000,0 
861,台新屏東,107.00,0,1000,,862,台新中壢,107.00,0,10530 
863,台新新營,107.00,2400,3500,,864,台新新營,107.50,1000,2000 
865,台新新營,108.00,22000,0,,866,安泰,107.00,4000,1000 
867,安泰,107.50,393,2000,,868,安泰大發,107.00,2000,0 
869,安泰大發,107.50,0,6000,,870,安泰楠梓,107.00,100,2000 
871,安泰楠梓,107.50,0,1000,,872,摩根大通,107.00,1062000,48000 
873,摩根大通,107.50,845007,160000,,874,摩根大通,108.00,11000,282000 
875,康和,107.00,21000,39000,,876,康和延平,107.00,2000,0 
877,康和台中,106.50,4000,0,,878,康和台中,107.00,4000,5000 
879,康和台中,107.50,0,7444,,880,康和台中,108.00,1000,6000 
881,康和新竹,107.00,2250,0,,882,康和台南,107.00,3005,2000 
883,康和台南,107.50,1000,6000,,884,康和嘉義,106.50,100,18000 
885,康和嘉義,107.00,2100,15000,,886,康和嘉義,107.50,1200,1100 
887,康和嘉義,108.00,1000,1000,,888,康和內湖,107.00,15000,0 
889,康和內湖,107.50,3000,7000,,890,康和板橋,107.50,1000,2000 
891,康和澎湖,107.50,0,1000,,892,康和仁愛,107.00,1000,10000 
893,康和仁愛,107.50,0,100,,894,康和仁愛,108.00,10000,0 
895,康和高雄,107.00,3000,1000,,896,康和高雄,107.50,2000,4000 
897,康和石牌,107.00,1000,2000,,898,康和石牌,108.50,1000,0 
899,康和南崁,107.50,1000,2000,,900,康和復興,107.00,2000,0 
901,康和復興,107.50,0,1000,,902,康和屏東,107.00,0,1000 
903,康和屏東,107.50,0,30000,,904,康和屏東,108.00,31000,0 
905,京城,107.00,1000,9000,,906,京城,107.50,3100,0 
907,京城,108.50,0,2000,,908,京城南京,107.00,3000,7000 
909,京城南京,108.00,0,10000,,910,中農,108.00,0,1000 
911,新光,106.50,0,9020,,912,新光,107.00,142159,50812 
913,新光,107.50,20051,159450,,914,新光,108.00,7000,8000 
915,新光台中,106.50,4030,0,,916,新光台中,107.00,13531,53061 
917,新光台中,107.50,20500,13240,,918,新光台中,108.00,1000,1000 
919,新光台中,108.50,6000,0,,920,新光高雄,106.50,0,1000 
921,新光高雄,107.00,9051,15510,,922,新光高雄,107.50,9010,5520 
923,新光高雄,108.00,2000,0,,924,新光新竹,107.00,8335,9120 
925,新光新竹,107.50,1300,4000,,926,新光新竹,108.00,0,2000 
927,新光台南,106.50,130,2000,,928,新光台南,107.00,14040,2130 
929,新光台南,107.50,4000,7000,,930,新光台南,108.00,2000,1000 
931,新光桃園,107.00,20276,1150,,932,新光桃園,107.50,6110,17000 
933,聯邦,106.50,1000,0,,934,聯邦高雄,107.00,0,1000 
935,聯邦嘉義,107.50,1000,0,,936,聯邦嘉義,108.50,0,1000 
937,聯邦忠孝,107.00,0,500,,938,聯邦雙和,107.00,0,1000 
939,聯邦三重,107.50,2000,0,,940,聯邦大業,107.00,0,3000 
941,聯邦大業,107.50,0,2000,,942,聯邦興中,107.00,10336,0 
943,聯邦興中,107.50,0,5000,,944,聯邦富強,107.00,1000,0 
945,聯邦富強,107.50,0,1000,,946,陽信,107.00,2000,2000 
947,陽信,107.50,4000,0,,948,陽信,108.00,3000,0 
949,陽信石牌,107.00,3000,0,,950,陽信石牌,107.50,200,2000 
951,陽信高雄,107.00,200,0,,952,玉山,107.00,7158,9385 
953,玉山,107.50,9000,6152,,954,玉山雙和,107.00,8926,1000 
955,玉山雙和,107.50,210,0,,956,玉山雙和,108.00,0,1000 
957,玉山新莊,107.00,5100,1090,,958,玉山新莊,107.50,1003,3000 
959,玉山新莊,108.00,1000,0,,960,玉山高雄,107.00,11100,11376 
961,玉山高雄,107.50,4000,3200,,962,玉山高雄,108.00,23000,1000 
963,玉山板橋,107.00,30,21090,,964,玉山板橋,107.50,2000,1000 
965,玉山台南,107.00,1000,7000,,966,玉山台南,107.50,1050,2150 
967,玉山台南,108.00,2000,1000,,968,玉山嘉義,107.00,2000,2050 
969,玉山嘉義,107.50,3000,3000,,970,玉山嘉義,108.00,1000,1000 
971,玉山景美,107.00,5126,1300,,972,玉山景美,107.50,2000,7000 
973,玉山景美,108.00,2000,1000,,974,玉山士林,107.00,5013,3000 
975,玉山士林,107.50,20,6100,,976,玉山台中,107.00,2000,13023 
977,玉山台中,107.50,2050,2400,,978,玉山台中,108.50,1000,0 
979,玉山南京,107.00,12110,2000,,980,玉山南京,107.50,7000,10000 
981,玉山左營,107.00,4003,6000,,982,玉山左營,107.50,2020,4000 
983,玉山城中,107.00,1000,13200,,984,玉山城中,107.50,0,3444 
985,玉山城中,108.00,3000,0,,986,玉山桃園,106.50,0,1000 
987,玉山桃園,107.00,6000,8050,,988,玉山桃園,107.50,3000,2150 
989,玉山新竹,107.00,3150,1000,,990,玉山新竹,107.50,3100,0 
991,玉山新竹,108.00,2000,0,,992,玉山大里,107.00,2405,4792 
993,玉山大里,107.50,1000,7000,,994,玉山數位,106.50,25,0 
995,玉山數位,107.00,1610,2230,,996,玉山數位,107.50,247,6 
997,玉山數位,108.00,1000,1000,,998,國泰綜合,106.50,17,0 
999,國泰綜合,107.00,4133,1,,1000,國泰綜合,107.50,89511,0 
1001,國泰高雄,106.50,0,2000,,1002,國泰高雄,107.00,5782,28200 
1003,國泰高雄,107.50,1121,2980,,1004,國泰高雄,108.00,4000,0 
1005,國泰台中,106.50,100,2020,,1006,國泰台中,107.00,19899,53126 
1007,國泰台中,107.50,15165,8329,,1008,國泰台中,108.00,18000,1000 
1009,國泰松江,106.50,5000,4,,1010,國泰松江,107.00,25050,8024 
1011,國泰松江,107.50,2000,9200,,1012,國泰松江,108.00,0,2000 
1013,國泰台南,107.00,5348,4139,,1014,國泰台南,107.50,50,496 
1015,國泰台南,108.00,2000,3000,,1016,國泰桃園,106.50,3000,1000 
1017,國泰桃園,107.00,14123,3170,,1018,國泰桃園,107.50,50,0 
1019,國泰桃園,108.00,0,5000,,1020,國泰新莊,107.00,10176,2001 
1021,國泰新莊,107.50,17030,11900,,1022,國泰新莊,108.00,0,2000 
1023,國泰忠孝,107.00,2944,1250,,1024,國泰忠孝,107.50,200,9 
1025,國泰忠孝,108.00,4000,0,,1026,國泰敦南,106.50,251,4516 
1027,國泰敦南,107.00,80075,57454,,1028,國泰敦南,107.50,26120,49327 
1029,國泰敦南,108.00,16000,0,,1030,國泰館前,107.00,9070,11000 
1031,國泰館前,107.50,2454,3500,,1032,國泰館前,108.00,3000,1000 
1033,國泰板橋,106.50,1400,0,,1034,國泰板橋,107.00,14653,45581 
1035,國泰板橋,107.50,15200,7500,,1036,國泰板橋,108.00,16000,4000 
1037,法銀巴黎,107.00,296000,0,,1038,法銀巴黎,107.50,88000,0 
1039,上海匯豐,107.00,0,16836,,1040,上海匯豐,107.50,0,32000 
1041,上海匯豐,108.00,0,3000,,1042,群益,107.00,1020,3000 
1043,群益,107.50,0,1071,,1044,群益敦南,107.00,130,15000 
1045,群益敦南,107.50,3000,1200,,1046,群益松山,107.00,20,13000 
1047,群益高盛,107.00,3000,1048,,1048,群益高盛,107.50,0,5000 
1049,群益高盛,108.00,1000,0,,1050,群益海山,107.00,3000,12000 
1051,群益海山,107.50,2000,3000,,1052,群益大興,107.00,100,1000 
1053,群益大興,107.50,1000,30,,1054,群益民權,107.00,2000,4000 
1055,群益開元,107.00,2002,2276,,1056,群益開元,107.50,0,2000 
1057,群益東大,107.00,1000,5000,,1058,群益東大,107.50,51000,1000 
1059,群益東大,108.00,0,1000,,1060,群益西松,107.00,3000,5500 
1061,群益西松,107.50,1000,1000,,1062,群益士林,107.00,4000,0 
1063,群益士林,107.50,3000,2050,,1064,群益士林,108.00,1000,0 
1065,群益中港,107.50,1000,10000,,1066,群益中港,108.00,10000,0 
1067,群益潭子,106.50,0,2000,,1068,群益潭子,107.00,1000,2000 
1069,群益潭子,108.00,1000,0,,1070,群益基隆,107.00,1000,0 
1071,群益基隆,107.50,2000,1000,,1072,群益三重,107.00,0,1000 
1073,群益三重,108.00,1000,0,,1074,群益屏東,107.00,2030,0 
1075,群益屏東,107.50,1000,0,,1076,群益屏東,108.00,3000,0 
1077,群益萬華,107.00,1000,10000,,1078,群益萬華,107.50,312,5000 
1079,群益土城,106.50,10,0,,1080,群益土城,107.00,2,2000 
1081,群益土城,107.50,0,2020,,1082,群益北高,107.00,2000,13000 
1083,群益北高,107.50,1000,2000,,1084,群益北高,108.00,0,2000 
1085,群益崇德,107.00,10,0,,1086,群益崇德,107.50,0,1000 
1087,群益館前,106.50,1000,0,,1088,群益館前,107.00,1526,2000 
1089,群益館前,107.50,3000,4000,,1090,群益館前,108.00,0,1000 
1091,群益高雄,107.00,250,4000,,1092,群益高雄,107.50,1000,1000 
1093,群益高雄,108.00,5000,0,,1094,群益台中,106.50,0,5000 
1095,群益台中,107.00,3000,1000,,1096,群益台中,107.50,7000,4000 
1097,群益台中,108.00,5000,0,,1098,群益台南,107.00,100,8000 
1099,群益台南,107.50,800,2000,,1100,群益新竹,107.00,0,1000 
1101,群益彰化,107.00,1000,3100,,1102,群益三民,107.00,6000,2010 
1103,群益三民,107.50,8000,1000,,1104,群益三民,108.00,1000,1000 
1105,群益桃園,107.00,2000,1000,,1106,群益桃園,107.50,1000,0 
1107,群益中壢,106.50,1000,0,,1108,群益中壢,107.00,6020,7000 
1109,群益中壢,107.50,1000,1050,,1110,群益中壢,108.00,1000,0 
1111,群益板橋,107.50,0,100,,1112,群益鳳山,107.00,9000,1000 
1113,群益鳳山,107.50,0,3005,,1114,群益古亭,106.50,50,0 
1115,群益古亭,107.00,101,10000,,1116,群益古亭,107.50,0,100 
1117,群益古亭,108.00,2000,0,,1118,群益內湖,107.00,51050,2000 
1119,群益內湖,107.50,0,2500,,1120,群益東門,107.00,5168,7080 
1121,群益東門,107.50,0,6000,,1122,群益東門,108.00,1000,8000 
1123,群益大安,107.00,400,0,,1124,群益南京,107.00,1000,2000 
1125,群益南京,107.50,0,1000,,1126,群益新店,107.00,2000,1000 
1127,群益大甲,107.00,6030,5000,,1128,群益大甲,107.50,0,50 
1129,群益新莊,107.00,2,102000,,1130,群益新莊,108.00,1000,0 
1131,群益中山,107.00,1000,1000,,1132,群益中山,107.50,1000,3000 
1133,群益中山,108.00,1000,0,,1134,群益竹南,107.00,10000,31000 
1135,群益竹南,107.50,275,3000,,1136,群益永和,107.00,5013,33000 
1137,群益永和,107.50,10,1000,,1138,群益永和,108.00,0,7000 
1139,群益東湖,107.00,16000,4000,,1140,群益東湖,108.00,2000,0 
1141,群益嘉義,107.00,7000,0,,1142,群益嘉義,107.50,8300,0 
1143,群益嘉義,108.00,0,1000,,1144,群益丹鳳,107.00,2015,0 
1145,群益丹鳳,107.50,0,2000,,1146,群益瑞豐,107.00,7000,2000 
1147,群益瑞豐,107.50,0,4000,,1148,群益忠孝,107.50,2000,0 
1149,群益忠孝,108.00,1000,0,,1150,群益延平,107.00,9500,6083 
1151,群益延平,107.50,1000,0,,1152,群益延平,108.00,2000,0 
1153,群益台北,106.50,0,1000,,1154,群益台北,107.00,1000,2000 
1155,群益宜蘭,107.00,3140,2000,,1156,群益宜蘭,107.50,1000,0 
1157,凱基,107.00,10000,64000,,1158,凱基,107.50,8000,25000 
1159,凱基,108.00,3000,22000,,1160,凱基中港,107.00,100,1100 
1161,凱基中港,107.50,1009,5000,,1162,凱基中港,108.00,1000,1000 
1163,凱基中港,108.50,0,3000,,1164,凱基台中,106.50,0,1000 
1165,凱基台中,107.00,1000,0,,1166,凱基台中,107.50,1000,1000 
1167,凱基三重,107.00,7220,6000,,1168,凱基三重,107.50,0,2000 
1169,凱基三重,108.00,11000,1000,,1170,凱基高雄,107.00,1000,2000 
1171,凱基高雄,107.50,1000,2030,,1172,凱基高雄,108.00,0,3000 
1173,凱基永和,107.00,0,6000,,1174,凱基永和,107.50,10,2000 
1175,凱基永和,108.00,1000,0,,1176,凱基桃園,106.50,0,4000 
1177,凱基桃園,107.00,5352,6000,,1178,凱基桃園,107.50,595,4010 
1179,凱基桃園,108.00,4000,0,,1180,凱基岡山,107.00,2400,6000 
1181,凱基岡山,107.50,0,300,,1182,凱基岡山,108.00,21000,2000 
1183,凱基板橋,106.50,1000,0,,1184,凱基板橋,107.00,3020,3000 
1185,凱基板橋,107.50,2000,1200,,1186,凱基板橋,108.00,0,1000 
1187,凱基雙和,107.00,0,4000,,1188,凱基雙和,107.50,2000,3000 
1189,凱基市府,107.00,1000,6000,,1190,凱基市府,107.50,0,2000 
1191,凱基市府,108.00,0,1000,,1192,凱基東門,107.00,0,3100 
1193,凱基東門,107.50,0,100,,1194,凱基站前,106.50,75000,2000 
1195,凱基站前,107.00,414350,174000,,1196,凱基站前,107.50,6000,111000 
1197,凱基站前,108.00,3000,1000,,1198,凱基彰化,107.00,6215,5300 
1199,凱基彰化,107.50,400,3000,,1200,凱基彰化,108.00,0,30000 
1201,凱基基隆,107.00,3100,2000,,1202,凱基基隆,107.50,0,1050 
1203,凱基基隆,108.00,0,2000,,1204,凱基宜蘭,106.50,0,1000 
1205,凱基宜蘭,107.00,8100,0,,1206,凱基宜蘭,107.50,2000,0 
1207,凱基宜蘭,108.00,1000,0,,1208,凱基湖口,106.50,205,0 
1209,凱基湖口,107.00,12000,1000,,1210,凱基湖口,107.50,0,145 
1211,凱基湖口,108.00,0,60000,,1212,凱基新店,106.50,5000,0 
1213,凱基新店,107.00,2000,1000,,1214,凱基新店,107.50,0,9000 
1215,凱基新店,108.00,1000,0,,1216,凱基大里,107.00,2100,1000 
1217,凱基大里,107.50,0,3000,,1218,凱基台東,107.00,30,2000 
1219,凱基台東,107.50,1000,2000,,1220,凱基台東,108.00,1000,0 
1221,凱基台南,107.00,4000,8200,,1222,凱基台南,107.50,7200,1000 
1223,凱基台南,108.00,1000,0,,1224,凱基東港,107.00,0,4000 
1225,凱基東港,107.50,50,0,,1226,凱基東港,108.00,2000,0 
1227,凱基高美,106.50,9000,0,,1228,凱基高美,107.00,15043,2000 
1229,凱基高美,107.50,102000,2300,,1230,凱基高美,108.00,1000,0 
1231,凱基信義,107.00,0,50,,1232,凱基信義,107.50,1500,0 
1233,凱基松山,107.00,0,3020,,1234,凱基松山,107.50,2000,1020 
1235,凱基大直,107.00,2000,0,,1236,凱基大直,108.00,0,3000 
1237,凱基民權,107.50,2000,0,,1238,凱基三峽,107.00,1000,0 
1239,凱基三峽,108.00,1000,0,,1240,凱基天母,107.00,0,4000 
1241,凱基五股,107.00,120,100,,1242,凱基五股,107.50,1000,0 
1243,凱基土城,106.50,0,1000,,1244,凱基土城,107.00,1565,2000 
1245,凱基八德,107.00,6000,0,,1246,凱基幸福,107.00,1000,2000 
1247,凱基幸福,107.50,3000,1000,,1248,凱基東勢,107.00,4000,4000 
1249,凱基東勢,107.50,20000,0,,1250,凱基豐中,107.00,4000,0 
1251,凱基豐中,107.50,6000,0,,1252,凱基新莊,107.00,1000,674 
1253,凱基新莊,108.00,1000,1000,,1254,凱基內埔,107.00,2000,1500 
1255,凱基汐止,107.00,1000,5000,,1256,凱基汐止,107.50,0,25000 
1257,凱基城中,107.00,4050,3100,,1258,凱基城中,107.50,1000,0 
1259,凱基城中,108.00,5000,0,,1260,凱基中山,107.00,3000,17000 
1261,凱基中山,107.50,0,3200,,1262,凱基屏東,107.00,0,1000 
1263,凱基屏東,108.00,2000,0,,1264,凱基復興,106.50,20,0 
1265,凱基復興,107.00,108060,0,,1266,凱基復興,107.50,300,15000 
1267,凱基復興,108.00,1000,0,,1268,凱基員林,107.00,1000,0 
1269,凱基員林,107.50,200,0,,1270,凱基長庚,107.00,10000,37000 
1271,凱基長庚,107.50,15000,10000,,1272,凱基長庚,108.00,0,1000 
1273,凱基竹北,106.50,0,7000,,1274,凱基竹北,107.00,1000,3000 
1275,凱基竹北,107.50,1000,1000,,1276,凱基竹北,108.00,5000,0 
1277,凱基永華,107.00,0,1000,,1278,凱基永華,107.50,100,0 
1279,凱基虎尾,107.00,2000,6000,,1280,凱基虎尾,107.50,0,1000 
1281,凱基敦北,107.00,1000,0,,1282,凱基敦北,107.50,100,0 
1283,凱基士林,107.00,50,2000,,1284,凱基士林,107.50,0,2 
1285,凱基士林,108.00,0,1000,,1286,凱基市政,107.00,3000,500 
1287,凱基市政,107.50,1009,2002,,1288,凱基市政,108.00,0,1000 
1289,凱基嘉義,107.00,4000,2000,,1290,凱基嘉義,107.50,0,1000 
1291,凱基科園,107.00,1020,0,,1292,凱基科園,107.50,2000,50 
1293,凱基和平,107.00,0,7000,,1294,凱基和平,107.50,1000,17 
1295,凱基南崁,107.00,2000,0,,1296,凱基南崁,108.00,0,1000 
1297,凱基林口,107.00,0,200,,1298,凱基林口,107.50,2000,1000 
1299,凱基羅東,107.00,3000,10000,,1300,凱基羅東,107.50,5000,1000 
1301,凱基羅東,108.00,1000,0,,1302,凱基新豐,106.50,0,30000 
1303,凱基新豐,107.00,10000,0,,1304,凱基新豐,107.50,200,20000 
1305,凱基台北,107.00,868010,2340000,,1306,凱基台北,107.50,541000,0 
1307,凱基台北,108.00,76000,458000,,1308,凱基竹科,107.00,325,200 
1309,凱基竹科,107.50,0,2100,,1310,凱基竹科,108.00,1000,2000 
1311,凱基鳳山,107.00,2000,0,,1312,凱基鳳山,107.50,1000,1000 
1313,凱基鳳山,108.50,0,1000,,1314,凱基三多,107.00,4000,700 
1315,凱基三多,107.50,0,1000,,1316,凱基三多,108.00,12000,0 
1317,凱基苗栗,107.00,1010,0,,1318,凱基苗栗,107.50,0,6000 
1319,凱基永康,107.00,5000,0,,1320,凱基永康,107.50,0,532 
1321,凱基永康,108.00,0,1000,,1322,凱基北門,107.00,6000,5000 
1323,凱基北門,108.00,0,1000,,1324,凱基中壢,106.50,2000,0 
1325,凱基中壢,107.00,100,3105,,1326,凱基中壢,107.50,1000,4050 
1327,凱基內湖,107.00,0,1000,,1328,凱基埔墘,107.00,4550,0 
1329,凱基埔墘,107.50,1,0,,1330,凱基興隆,107.00,2100,0 
1331,凱基興隆,107.50,200,1200,,1332,凱基興隆,108.00,1000,0 
1333,凱基大安,107.00,0,2000,,1334,凱基頭份,107.00,288,0 
1335,凱基頭份,107.50,0,2000,,1336,凱基頭份,108.00,1000,0 
1337,凱基文心,107.50,0,500,,1338,華南永昌,106.50,10,8000 
1339,華南永昌,107.00,40,20150,,1340,華南永昌,107.50,3100,3001 
1341,華南永昌,108.00,4000,1000,,1342,華南台中,107.00,3163,3000 
1343,華南台中,107.50,100,10010,,1344,華南台中,108.00,1000,0 
1345,華南高雄,107.00,1000,3000,,1346,華南新莊,106.50,1000,0 
1347,華南新莊,107.00,100,0,,1348,華南台南,107.00,6100,4000 
1349,華南台南,107.50,2000,0,,1350,華南大安,107.00,0,3000 
1351,華南大安,107.50,1000,0,,1352,華南大安,108.00,4000,0 
1353,華南麻豆,106.50,0,42000,,1354,華南麻豆,107.00,14,19000 
1355,華南麻豆,107.50,0,2000,,1356,華南麻豆,108.00,0,1000 
1357,華南古亭,107.00,0,1003,,1358,華南民權,107.50,0,1000 
1359,華南嘉義,107.00,2000,4000,,1360,華南嘉義,107.50,0,4706 
1361,華南苑裡,107.00,1000,0,,1362,華南淡水,106.50,0,1000 
1363,華南淡水,107.00,31002,13057,,1364,華南淡水,107.50,1008,20009 
1365,華南淡水,108.00,1000,1000,,1366,華南林口,107.00,3060,1250 
1367,華南林口,107.50,2100,1000,,1368,華南林口,108.00,2000,0 
1369,華南鶯歌,107.00,1377,2000,,1370,華南公誠,107.00,2000,3009 
1371,華南公誠,107.50,13000,12000,,1372,華南小港,107.00,2000,0 
1373,華南小港,107.50,6000,2000,,1374,華南小港,108.50,1000,0 
1375,華南岡山,106.50,0,5000,,1376,華南岡山,107.00,2000,5050 
1377,華南岡山,107.50,1000,13000,,1378,華南岡山,108.00,2000,0 
1379,華南岡山,108.50,0,3000,,1380,華南忠孝,107.50,1010,0 
1381,華南南京,107.00,2075,1800,,1382,華南南京,107.50,2000,2510 
1383,華南南京,108.00,4000,1000,,1384,華南斗六,106.50,0,5000 
1385,華南斗六,107.00,59,1000,,1386,華南斗六,107.50,0,1000 
1387,華南潮州,107.00,1200,1000,,1388,華南潮州,107.50,100,1000 
1389,華南朴子,107.00,18,2040,,1390,華南朴子,107.50,0,1000 
1391,華南朴子,108.00,2000,0,,1392,華南鳳山,106.50,0,1000 
1393,華南鳳山,107.00,0,6000,,1394,華南鳳山,107.50,1000,4000 
1395,華南鳳山,108.00,3000,1000,,1396,華南楠梓,106.50,0,1000 
1397,華南楠梓,107.00,50,4060,,1398,華南楠梓,107.50,0,2000 
1399,華南楠梓,108.00,1000,0,,1400,華南長虹,107.00,2000,6020 
1401,華南長虹,107.50,1000,2002,,1402,華南世貿,107.00,7010,2000 
1403,華南世貿,107.50,1200,3000,,1404,華南世貿,108.00,0,1000 
1405,華南內壢,107.00,2100,2000,,1406,華南內壢,107.50,0,2050 
1407,華南內壢,108.00,2000,0,,1408,華南竹北,107.00,0,100 
1409,華南頭份,107.00,0,1000,,1410,華南頭份,107.50,50,3000 
1411,華南敦南,107.00,1020,1000,,1412,華南敦南,107.50,0,5000 
1413,華南板橋,107.00,4000,2200,,1414,華南板橋,107.50,0,31000 
1415,華南板橋,108.00,30000,0,,1416,華南桃園,107.50,1000,3000 
1417,華南東勢,107.00,11000,2000,,1418,華南中正,106.50,4000,0 
1419,華南中正,107.00,12000,21000,,1420,華南中正,107.50,0,1000 
1421,華南中正,108.00,3000,0,,1422,華南苗栗,107.00,1000,2000 
1423,華南苗栗,107.50,0,1000,,1424,華南彰化,107.00,0,7300 
1425,華南彰化,107.50,0,1000,,1426,華南彰化,108.00,2000,1000 
1427,華南三重,107.50,1,1000,,1428,華南虎尾,107.00,1000,48000 
1429,華南虎尾,107.50,0,51435,,1430,華南虎尾,108.00,1000,10000 
1431,華南東昇,107.00,6003,1000,,1432,華南東昇,107.50,200,7000 
1433,華南東昇,108.00,1000,0,,1434,富邦,107.00,739608,434467 
1435,富邦,107.50,63135,1084000,,1436,富邦,108.00,0,1450000 
1437,富邦,108.50,0,38000,,1438,富邦陽明,107.00,8150,1105 
1439,富邦陽明,107.50,5500,3000,,1440,富邦陽明,108.00,4000,1000 
1441,富邦台東,107.00,0,1000,,1442,富邦台東,107.50,1000,1003 
1443,富邦基隆,106.50,0,7000,,1444,富邦基隆,107.00,1000,33000 
1445,富邦岡山,107.00,1000,3000,,1446,富邦岡山,107.50,1100,1110 
1447,富邦花蓮,107.00,1000,10000,,1448,富邦花蓮,107.50,150,2000 
1449,富邦花蓮,108.00,1000,0,,1450,富邦台北,107.00,12202,3250 
1451,富邦台北,107.50,4000,12000,,1452,富邦台北,108.00,2000,0 
1453,富邦竹北,107.00,3000,401,,1454,富邦竹北,107.50,0,30 
1455,富邦竹北,108.00,0,2000,,1456,富邦竹東,107.00,1005,4000 
1457,富邦竹東,107.50,2000,5000,,1458,富邦內湖,107.00,3000,3000 
1459,富邦內湖,107.50,1000,2000,,1460,富邦內湖,108.00,3000,1000 
1461,富邦羅東,107.00,3000,2000,,1462,富邦羅東,107.50,21000,5000 
1463,富邦羅東,108.00,0,1000,,1464,富邦中壢,106.50,10,0 
1465,富邦中壢,107.00,4413,2000,,1466,富邦中壢,107.50,3220,100 
1467,富邦中壢,108.00,0,3000,,1468,富邦新竹,107.00,27160,38020 
1469,富邦新竹,107.50,1220,1060,,1470,富邦新竹,108.00,3000,1000 
1471,富邦永和,107.00,3019,7100,,1472,富邦永和,107.50,3000,1000 
1473,富邦板橋,106.50,0,1100,,1474,富邦板橋,107.00,3138,27064 
1475,富邦板橋,107.50,4100,6050,,1476,富邦板橋,108.00,2000,1000 
1477,富邦苗栗,106.50,4000,0,,1478,富邦苗栗,107.00,12510,16040 
1479,富邦苗栗,107.50,8624,9000,,1480,富邦苗栗,108.00,1000,0 
1481,富邦建國,107.00,13470,15540,,1482,富邦建國,107.50,6221,9020 
1483,富邦建國,108.00,0,1000,,1484,富邦高雄,107.00,9013,1110 
1485,富邦高雄,107.50,2050,1000,,1486,富邦高雄,108.00,8000,1000 
1487,富邦台中,107.00,16005,1020,,1488,富邦台中,107.50,5000,1000 
1489,富邦台中,108.00,2000,1000,,1490,富邦彰化,107.00,0,7050 
1491,富邦彰化,107.50,56,50,,1492,富邦彰化,108.50,1000,0 
1493,富邦新店,107.00,6020,3200,,1494,富邦新店,107.50,8030,12000 
1495,富邦新店,108.00,23000,1000,,1496,富邦敦南,107.00,12000,16000 
1497,富邦敦南,107.50,2000,3000,,1498,富邦敦南,108.00,1000,0 
1499,富邦桃園,107.00,6498,10150,,1500,富邦南屯,106.50,0,1000 
1501,富邦南屯,107.00,111,5000,,1502,富邦南屯,107.50,2011,0 
1503,富邦台南,107.00,2000,1300,,1504,富邦台南,107.50,100,2100 
1505,富邦台南,108.00,0,1000,,1506,富邦左營,106.50,0,1000 
1507,富邦左營,107.00,3478,101620,,1508,富邦左營,107.50,1000,0 
1509,富邦左營,108.00,1000,0,,1510,富邦員林,107.00,14000,4000 
1511,富邦員林,107.50,1200,20034,,1512,富邦員林,108.00,14000,2000 
1513,富邦仁愛,106.50,0,1000,,1514,富邦仁愛,107.00,5261,14370 
1515,富邦仁愛,107.50,9004,3707,,1516,富邦仁愛,108.00,0,4000 
1517,富邦三重,107.00,2200,13026,,1518,富邦三重,107.50,2110,2000 
1519,富邦三重,108.00,2000,0,,1520,富邦宜蘭,106.50,100,1000 
1521,富邦宜蘭,107.00,6000,3000,,1522,富邦宜蘭,107.50,13,1100 
1523,富邦嘉義,107.00,3110,14018,,1524,富邦嘉義,107.50,1000,2020 
1525,富邦嘉義,108.00,2000,0,,1526,富邦新營,107.50,0,1100 
1527,富邦虎尾,107.00,1030,0,,1528,富邦虎尾,108.00,1000,18000 
1529,富邦北港,107.00,2350,1000,,1530,富邦北港,107.50,2000,800 
1531,富邦北港,108.00,4000,0,,1532,元大,106.50,10,2020 
1533,元大,107.00,206240,5996,,1534,元大,107.50,230805,198000 
1535,元大,108.00,2000,170000,,1536,元大城東,106.50,1000,20 
1537,元大城東,107.00,15220,11000,,1538,元大城東,107.50,1100,2050 
1539,元大城東,108.00,1000,0,,1540,元大承德,106.50,0,1000 
1541,元大承德,107.00,6150,3000,,1542,元大斗六,107.00,7200,4000 
1543,元大斗六,107.50,300,0,,1544,元大斗六,108.00,4000,0 
1545,元大沙鹿,107.00,4150,5000,,1546,元大沙鹿,107.50,1000,0 
1547,元大沙鹿,108.00,2000,0,,1548,元大北府,107.00,250,23000 
1549,元大北府,107.50,1000,1000,,1550,元大北府,108.00,3000,0 
1551,元大北府,108.50,1000,0,,1552,元大清水,107.00,8000,32000 
1553,元大清水,107.50,1000,0,,1554,元大清水,108.00,0,2000 
1555,元大台北,106.50,0,5000,,1556,元大台北,107.00,7000,5000 
1557,元大台北,107.50,12000,0,,1558,元大台北,108.00,0,50000 
1559,元大竹科,107.00,3140,3050,,1560,元大竹科,107.50,10,2000 
1561,元大竹科,108.00,2000,0,,1562,元大竹科,108.50,0,1000 
1563,元大虎尾,107.00,700,100,,1564,元大虎尾,108.00,0,2000 
1565,元大南崁,107.00,30,2010,,1566,元大南海,107.00,2000,1000 
1567,元大南海,107.50,0,2000,,1568,元大南海,108.00,1000,0 
1569,元大府城,107.00,315,2050,,1570,元大府城,107.50,1000,0 
1571,元大府城,108.00,2000,0,,1572,元大西屯,107.00,3000,0 
1573,元大西屯,107.50,610,1001,,1574,元大台中,106.50,0,2000 
1575,元大台中,107.00,11230,4004,,1576,元大台中,107.50,100,21 
1577,元大八德,106.50,0,2,,1578,元大八德,107.00,0,17025 
1579,元大八德,107.50,0,1003,,1580,元大大益,106.50,0,1000 
1581,元大大益,107.00,2205,4100,,1582,元大大灣,106.50,0,8000 
1583,元大大灣,107.00,1144,5010,,1584,元大大灣,107.50,2093,0 
1585,元大大灣,108.00,3000,0,,1586,元大大灣,108.50,1000,0 
1587,元大新竹,106.50,0,25,,1588,元大新竹,107.00,150,21000 
1589,元大新竹,107.50,4000,3050,,1590,元大新竹,108.00,17000,0 
1591,元大東泰,107.00,4100,1100,,1592,元大東泰,107.50,2000,5000 
1593,元大東泰,108.00,1000,0,,1594,元大歸仁,107.00,7052,2000 
1595,元大歸仁,107.50,1050,0,,1596,元大歸仁,108.00,3000,0 
1597,元大鶯歌,107.00,503,0,,1598,元大鶯歌,108.00,0,1000 
1599,元大竹北,107.50,1050,3000,,1600,元大竹北,108.00,0,5000 
1601,元大路竹,106.50,0,1000,,1602,元大路竹,107.00,8280,12100 
1603,元大路竹,107.50,0,100,,1604,元大南投,107.00,4100,0 
1605,元大南投,107.50,1000,0,,1606,元大南投,108.00,5000,0 
1607,元大佳里,107.00,2200,171000,,1608,元大佳里,107.50,1000,1000 
1609,元大發財,106.50,3000,3000,,1610,元大發財,107.00,6000,3000 
1611,元大發財,107.50,1000,2012,,1612,元大發財,108.00,1000,0 
1613,元大福營,107.00,238,2000,,1614,元大福營,107.50,0,1000 
1615,元大福營,108.00,0,1000,,1616,元大大里,107.00,2039,12050 
1617,元大大里,107.50,1100,4100,,1618,元大大里,108.00,2000,0 
1619,元大大里,108.50,2000,0,,1620,元大彰化,107.00,2000,8000 
1621,元大彰化,107.50,2000,2042,,1622,元大彰化,108.00,1000,0 
1623,元大屏生,107.00,7005,0,,1624,元大屏生,107.50,2850,1150 
1625,元大屏生,108.00,2000,0,,1626,元大西螺,107.00,6035,0 
1627,元大西螺,107.50,0,2000,,1628,元大西螺,108.00,0,2000 
1629,元大天母,107.00,6011,1500,,1630,元大天母,107.50,1000,1000 
1631,元大天母,108.00,2000,0,,1632,元大士林,107.00,3100,9000 
1633,元大士林,107.50,2112,1010,,1634,元大士林,108.00,3000,0 
1635,元大林園,106.50,0,1000,,1636,元大林園,107.50,0,1010 
1637,元大莒光,107.00,0,3000,,1638,元大莒光,107.50,1000,800 
1639,元大前金,107.00,1102,1000,,1640,元大前金,107.50,2026,2000 
1641,元大前金,108.00,1000,2000,,1642,元大苗栗,107.00,13500,1000 
1643,元大苗栗,107.50,0,2000,,1644,元大旗山,106.50,1000,0 
1645,元大旗山,107.00,20,1000,,1646,元大旗山,107.50,0,5000 
1647,元大旗山,108.00,5000,0,,1648,元大金門,106.50,0,1000 
1649,元大金門,107.00,1019,6026,,1650,元大金門,107.50,0,100 
1651,元大松山,108.00,1000,5000,,1652,元大萬華,107.00,5,4400 
1653,元大萬華,107.50,3000,3000,,1654,元大萬華,108.00,0,2000 
1655,元大太平,107.00,8186,1003,,1656,元大太平,107.50,2000,3000 
1657,元大屏南,107.00,13050,2000,,1658,元大屏南,107.50,0,2080 
1659,元大屏南,108.00,2000,0,,1660,元大竹山,107.00,4000,1000 
1661,元大竹山,107.50,1000,1000,,1662,元大崇德,107.00,0,1500 
1663,元大崇德,107.50,2000,4844,,1664,元大崇德,108.00,1000,0 
1665,元大華山,107.00,2000,1000,,1666,元大民雄,107.00,1000,0 
1667,元大新生,107.00,20,18000,,1668,元大新生,107.50,0,800 
1669,元大新生,108.00,0,1000,,1670,元大善化,107.00,1100,19005 
1671,元大善化,107.50,2000,1000,,1672,元大大統,107.00,5000,7010 
1673,元大大統,107.50,2000,1000,,1674,元大潮州,106.50,0,1000 
1675,元大潮州,107.00,1100,0,,1676,元大學府,107.00,6000,2086 
1677,元大學府,107.50,2000,0,,1678,元大向上,107.00,50,2200 
1679,元大向上,107.50,0,1000,,1680,元大新營,107.00,10,3000 
1681,元大新營,107.50,0,1000,,1682,元大永康,107.00,1390,0 
1683,元大永康,107.50,0,1010,,1684,元大永康,108.00,1000,4000 
1685,元大羅東,106.50,0,1000,,1686,元大羅東,107.50,0,1000 
1687,元大博愛,107.00,10130,7000,,1688,元大博愛,107.50,0,6056 
1689,元大博愛,108.00,2000,2000,,1690,元大六合,107.00,246120,174000 
1691,元大六合,107.50,10100,81000,,1692,元大六合,108.00,3000,2000 
1693,元大六合,108.50,0,1000,,1694,元大四維,106.50,20,3000 
1695,元大四維,107.00,3050,2050,,1696,元大四維,107.50,1100,3124 
1697,元大四維,108.00,0,1000,,1698,元大敦化,107.00,0,2000 
1699,元大敦化,107.50,12,1050,,1700,元大敦化,108.00,2000,0 
1701,元大中壢,107.00,1860,5589,,1702,元大中壢,107.50,6000,11011 
1703,元大中壢,108.00,12000,1000,,1704,元大中山,107.00,1100,2000 
1705,元大中山,107.50,0,3300,,1706,元大中山,108.00,2000,0 
1707,元大北港,107.00,1010,6100,,1708,元大北港,107.50,1000,5000 
1709,元大豐原,107.00,8000,9000,,1710,元大豐原,107.50,0,1000 
1711,元大豐原,108.00,3000,0,,1712,元大林森,107.00,1100,1000 
1713,元大林森,107.50,2510,5040,,1714,元大竹東,108.00,0,2000 
1715,元大上新,106.50,200,0,,1716,元大上新,107.00,13000,1100 
1717,元大上新,107.50,0,3732,,1718,元大上新,108.00,0,2000 
1719,元大大雅,107.00,3000,3000,,1720,元大大雅,107.50,0,2000 
1721,元大大雅,108.00,1000,1000,,1722,元大仁愛,107.00,1000,1000 
1723,元大仁愛,107.50,0,1000,,1724,元大仁愛,108.00,0,3000 
1725,元大學甲,107.00,3030,1010,,1726,元大學甲,107.50,0,3000 
1727,元大木柵,107.00,200,0,,1728,元大木柵,107.50,1000,20 
1729,元大大安,107.00,3020,0,,1730,元大大安,107.50,0,100 
1731,元大大安,108.00,5000,1000,,1732,元大頭份,107.00,1843,0 
1733,元大頭份,107.50,1000,0,,1734,元大頭份,108.00,1000,0 
1735,元大竹南,107.00,0,1000,,1736,元大竹南,107.50,0,1000 
1737,元大竹南,108.00,2000,0,,1738,元大德芳,107.00,3055,5500 
1739,元大德芳,107.50,2000,100,,1740,元大德芳,108.00,2000,1000 
1741,元大鳳山,106.50,2000,0,,1742,元大鳳山,107.00,1000,6000 
1743,元大鳳山,107.50,1000,5000,,1744,元大鳳山,108.00,3000,0 
1745,元大新中,107.00,1000,2120,,1746,元大新中,107.50,2020,1113 
1747,元大南勢,106.50,0,1000,,1748,元大南勢,107.50,100,0 
1749,元大南勢,108.00,1000,0,,1750,元大景美,107.00,2085,0 
1751,元大景美,107.50,0,1000,,1752,元大館前,107.00,4000,19099 
1753,元大館前,107.50,1120,0,,1754,元大館前,108.00,5000,0 
1755,元大永春,107.00,2000,3050,,1756,元大永春,107.50,2000,4523 
1757,元大永春,108.00,2000,0,,1758,元大南屯,106.50,1000,0 
1759,元大南屯,107.00,6500,5,,1760,元大南屯,107.50,2001,1000 
1761,元大興安,106.50,100,0,,1762,元大興安,107.00,4150,5300 
1763,元大興安,107.50,0,1020,,1764,元大興安,108.00,1000,0 
1765,元大花蓮,107.00,3140,11100,,1766,元大花蓮,107.50,1100,2100 
1767,元大花蓮,108.00,2000,1000,,1768,元大東蘆,106.50,0,1000 
1769,元大東蘆,107.00,8000,2000,,1770,元大東蘆,107.50,4000,12000 
1771,元大龍潭,107.00,2130,7025,,1772,元大龍潭,107.50,0,1000 
1773,元大龍潭,108.00,7000,0,,1774,元大經國,107.00,33000,9000 
1775,元大經國,107.50,2000,2200,,1776,元大經國,108.00,2000,1000 
1777,元大鳳中,107.00,492,2020,,1778,元大鳳中,108.00,2000,2000 
1779,元大南京,107.00,6150,6000,,1780,元大南京,107.50,2000,1000 
1781,元大和平,107.00,1001,500,,1782,元大和平,107.50,1000,2000 
1783,元大北成,107.00,3006,7500,,1784,元大北成,107.50,0,1109 
1785,元大北成,108.00,5000,0,,1786,元大文心,107.00,1100,7000 
1787,元大文心,107.50,2000,5000,,1788,元大文心,108.00,10000,0 
1789,元大新盛,107.00,3003,11000,,1790,元大新盛,107.50,3026,2000 
1791,元大新盛,108.00,10000,7000,,1792,元大基孝,106.50,46,0 
1793,元大基孝,107.00,4076,3130,,1794,元大基孝,107.50,1000,1000 
1795,元大基孝,108.00,1000,6000,,1796,元大忠孝,107.00,13000,4000 
1797,元大忠孝,107.50,9200,4000,,1798,元大忠孝,108.00,92000,5000 
1799,元大復北,107.00,3110,0,,1800,元大復北,107.50,2000,3000 
1801,元大復北,108.00,1000,0,,1802,元大西門,107.00,9007,6200 
1803,元大西門,107.50,15000,0,,1804,元大西門,108.00,1000,3000 
1805,元大雙和,106.50,1000,0,,1806,元大雙和,107.00,7100,2541 
1807,元大雙和,107.50,1000,0,,1808,元大雙和,108.00,1000,6000 
1809,元大雙和,108.50,0,2000,,1810,元大永寧,107.00,3590,5042 
1811,元大永寧,107.50,1006,3000,,1812,元大金華,106.50,0,1000 
1813,元大金華,107.00,0,200,,1814,元大金華,107.50,2000,0 
1815,元大板三,107.00,3700,4050,,1816,元大板三,107.50,3100,8000 
1817,元大楊梅,107.00,18710,5000,,1818,元大楊梅,107.50,1000,55 
1819,元大斗信,107.00,2600,595,,1820,元大斗信,107.50,1000,2363 
1821,元大斗信,108.00,1000,1000,,1822,元大鑫永,107.00,7,0 
1823,元大員林,107.00,3134,0,,1824,元大員林,107.50,1300,2000 
1825,元大員林,108.00,7000,0,,1826,元大桃園,106.50,0,1000 
1827,元大桃園,107.00,330,2000,,1828,元大桃園,107.50,100,3000 
1829,元大三重,107.00,2000,0,,1830,元大三重,107.50,1000,20 
1831,元大長庚,107.00,20500,18006,,1832,元大長庚,107.50,0,1000 
1833,元大長庚,108.00,1000,0,,1834,元大永和,107.00,7000,4700 
1835,元大永和,107.50,30,4000,,1836,元大永和,108.00,3000,5000 
1837,元大屏東,107.00,5000,8000,,1838,元大屏東,107.50,1000,0 
1839,元大屏東,108.00,2000,0,,1840,元大大天,107.00,1010,1020 
1841,元大大天,107.50,13000,2000,,1842,元大大天,108.00,5000,0 
1843,元大桃興,107.00,3193,0,,1844,元大桃興,107.50,0,1000 
1845,元大桃興,108.00,2000,0,,1846,元大台南,106.50,1000,0 
1847,元大台南,107.00,2005,3000,,1848,元大台南,107.50,3000,4000 
1849,元大台南,108.00,2000,1000,,1850,元大台南,108.50,1000,0 
1851,元大土城,107.00,313,8339,,1852,元大土城,107.50,0,440 
1853,元大新莊,107.00,12000,1000,,1854,元大新莊,107.50,12000,2236 
1855,元大新莊,108.00,5000,2000,,1856,元大淡水,106.50,0,600 
1857,元大淡水,107.00,2200,4000,,1858,元大淡水,107.50,1000,100 
1859,元大淡水,108.00,1000,0,,1860,元大苑裡,106.50,1000,1000 
1861,元大苑裡,107.00,1000,4000,,1862,元大苑裡,107.50,1000,3000 
1863,元大苑裡,108.00,2000,0,,1864,元大北投,107.00,0,1095 
1865,元大北投,107.50,191,1000,,1866,元大中港,106.50,0,10000 
1867,元大中港,107.00,3063,7453,,1868,元大中港,107.50,0,1105 
1869,元大中港,108.00,5000,0,,1870,元大板橋,107.00,567,1500 
1871,元大板橋,107.50,400,2142,,1872,元大北屯,107.00,1000,2000 
1873,元大北屯,107.50,6000,2200,,1874,元大北屯,108.00,5000,0 
1875,元大左營,107.00,6000,21000,,1876,元大左營,107.50,0,2516 
1877,元大左營,108.00,5000,0,,1878,元大中和,106.50,1000,0 
1879,元大中和,107.00,1000,2250,,1880,元大中和,108.00,1000,1000 
1881,元大草屯,106.50,210,1000,,1882,元大草屯,107.00,4056,1100 
1883,元大草屯,107.50,2005,6000,,1884,元大東港,107.00,0,7000 
1885,元大東港,107.50,0,255,,1886,元大東港,108.00,1000,0 
1887,元大高雄,107.00,7000,6025,,1888,元大高雄,107.50,0,100 
1889,元大高雄,108.00,2000,1000,,1890,元大嘉義,107.00,11221,2280 
1891,元大嘉義,107.50,10000,20,,1892,元大嘉義,108.00,1000,0 
1893,元大大同,107.00,1200,24300,,1894,元大大同,107.50,30,4000 
1895,元大大同,108.00,4000,1000,,1896,元大蘆洲,107.00,1105,14600 
1897,元大蘆洲,107.50,1000,2000,,1898,元大蘆洲,108.00,5000,0 
1899,元大樹林,107.00,1000,10250,,1900,元大樹林,107.50,10000,6000 
1901,元大彰生,106.50,0,1000,,1902,元大彰生,107.00,11060,1000 
1903,元大彰生,107.50,20025,2000,,1904,元大彰生,108.00,0,2000 
1905,元大古亭,107.00,0,3000,,1906,元大古亭,107.50,8000,0 
1907,元大成功,107.00,1000,554,,1908,元大成功,107.50,3000,15110 
1909,元大信義,107.00,1000,2100,,1910,元大信義,107.50,1000,26 
1911,元大信義,108.00,0,1000,,1912,元大內湖,107.00,20000,4100 
1913,元大內湖,107.50,3000,3050,,1914,元大內湖,108.00,1000,100000 
1915,元大敦南,106.50,0,2000,,1916,元大敦南,107.00,0,50 
1917,元大敦南,107.50,0,1100,,1918,元大敦南,108.00,0,2000 
1919,元大汐止,106.50,70,2000,,1920,元大汐止,107.00,6218,16000 
1921,元大汐止,107.50,5000,1000,,1922,元大汐止,108.00,1000,0 
1923,元大鹿港,107.00,1000,4000,,1924,元大鹿港,107.50,0,4000 
1925,元大鹿港,108.00,2000,0,,1926,元大大甲,107.00,2000,0 
1927,元大大甲,107.50,1000,2600,,1928,元大北重,107.00,2010,2000 
1929,元大北重,107.50,0,3000,,1930,元大北重,108.00,2000,1000 
1931,元大站前,107.00,103,2400,,1932,元大站前,107.50,100,3060 
1933,元大站前,108.00,2000,0,,1934,元大民生,107.00,0,1000 
1935,元大民生,107.50,0,5000,,1936,元大民生,108.00,1000,0 
1937,元大基隆,107.00,4012,1000,,1938,元大基隆,107.50,0,50 
1939,元大小港,106.50,50,0,,1940,元大小港,107.00,92,1150 
1941,元大小港,107.50,0,1000,,1942,永豐金,106.50,0,3080 
1943,永豐金,107.00,13410,20080,,1944,永豐金,107.50,20136,1000 
1945,永豐金,108.00,1000,7000,,1946,永豐鳳山,107.00,1060,0 
1947,永豐鳳山,107.50,0,1300,,1948,永豐鳳山,108.00,0,1000 
1949,永豐屏東,107.00,0,2000,,1950,永豐屏東,107.50,1000,1000 
1951,永豐埔里,107.00,1000,2000,,1952,永豐埔里,107.50,100,3000 
1953,永豐埔里,108.00,3000,0,,1954,永豐敦北,107.00,3137,2000 
1955,永豐敦北,107.50,3000,0,,1956,永豐敦南,106.50,1000,0 
1957,永豐敦南,107.00,1028,2100,,1958,永豐敦南,107.50,2000,1100 
1959,永豐敦南,108.00,6000,0,,1960,永豐松山,107.00,3000,12000 
1961,永豐松山,107.50,71100,121560,,1962,永豐松山,108.00,51000,0 
1963,永豐萬盛,106.50,0,1000,,1964,永豐萬盛,107.00,2517,13250 
1965,永豐萬盛,107.50,22000,50,,1966,永豐萬盛,108.00,1000,22000 
1967,永豐博愛,106.50,0,1000,,1968,永豐博愛,107.00,3000,41000 
1969,永豐博愛,107.50,0,1000,,1970,永豐博愛,108.00,0,4000 
1971,永豐博愛,108.50,0,1000,,1972,永豐新竹,107.00,4000,6000 
1973,永豐新竹,107.50,1000,10000,,1974,永豐新竹,108.00,10000,3000 
1975,永豐大園,107.00,10050,10000,,1976,永豐大園,107.50,1200,0 
1977,永豐中壢,107.00,1000,2000,,1978,永豐中壢,107.50,0,200 
1979,永豐苓雅,106.50,10,300,,1980,永豐苓雅,107.00,57460,7500 
1981,永豐苓雅,107.50,3008,30000,,1982,永豐羅東,107.00,9000,0 
1983,永豐羅東,107.50,2000,3000,,1984,永豐虎尾,107.00,1000,7000 
1985,永豐虎尾,108.00,2000,2000,,1986,永豐虎尾,108.50,0,2000 
1987,永豐中和,107.00,2025,3000,,1988,永豐中和,108.00,250000,251000 
1989,永豐永康,107.00,1010,3064,,1990,永豐永康,107.50,10000,2000 
1991,永豐永康,108.00,0,10000,,1992,永豐員林,107.00,2100,16000 
1993,永豐古亭,107.50,1000,1000,,1994,永豐古亭,108.00,4000,0 
1995,永豐忠孝,107.00,1200,1500,,1996,永豐忠孝,107.50,2000,0 
1997,永豐忠孝,108.00,0,2000,,1998,永豐高雄,106.50,0,1000 
1999,永豐高雄,107.00,1040,5002,,2000,永豐高雄,107.50,0,2116 
2001,永豐板橋,107.00,3000,1000,,2002,永豐板橋,107.50,0,1046 
2003,永豐中盛,106.50,50,0,,2004,永豐中盛,107.00,2068,7003 
2005,永豐中盛,107.50,2000,1000,,2006,永豐內湖,107.00,6000,82000 
2007,永豐內湖,107.50,60000,3000,,2008,永豐內湖,108.00,5000,2000 
2009,永豐天母,107.00,90,50,,2010,永豐天母,107.50,1021,0 
2011,永豐天母,108.00,0,1000,,2012,永豐台南,107.00,4060,7100 
2013,永豐台南,107.50,100,2000,,2014,永豐台南,108.00,0,5000 
2015,永豐新莊,107.00,3000,3000,,2016,永豐新莊,107.50,2000,881 
2017,永豐新店,107.00,3000,1000,,2018,永豐新店,107.50,1000,4000 
2019,永豐新店,108.00,0,7000,,2020,永豐嘉義,107.00,5000,0 
2021,永豐板新,107.00,2000,0,,2022,永豐板新,107.50,3100,1000 
2023,永豐板新,108.00,0,2000,,2024,永豐三重,107.00,100,1035 
2025,永豐三重,107.50,9400,1000,,2026,永豐三重,108.50,1000,0 
2027,永豐台中,107.00,2275,7300,,2028,永豐台中,107.50,9000,0 
2029,永豐台中,108.00,10000,1000,,2030,永豐南投,107.00,0,2060 
2031,永豐南投,107.50,1000,0,,2032,永豐桃盛,107.00,1000,2000 
2033,永豐竹北,106.50,2000,1000,,2034,永豐竹北,107.00,7110,17200 
2035,永豐竹北,107.50,7040,2000,,2036,永豐潮州,107.00,0,6138 
2037,永豐潮州,107.50,0,1000,,2038,永豐豐原,107.00,31080,50 
2039,永豐豐原,107.50,1050,0,,2040,永豐北高,106.50,100,10000 
2041,永豐北高,107.00,2000,4069,,2042,永豐北高,107.50,1000,0 
2043,永豐信義,107.00,0,2000,,2044,永豐信義,107.50,0,2000 
2045,永豐彰化,107.00,0,1010,,2046,永豐彰化,107.50,0,50 
2047,永豐彰化,108.00,0,1000,,2048,永豐南京,107.00,1000,0 
2049,永豐中正,107.00,7200,1200,,2050,永豐中正,107.50,1000,7100 
2051,永豐市政,107.00,1000,13000,,2052,永豐市政,108.00,0,1000 
2053,永豐市政,108.50,10000,0,,2054,永豐桃園,107.00,13000,8000 
2055,永豐桃園,107.50,2500,2350,,2056,永豐竹科,107.00,11020,7200 
2057,永豐竹科,107.50,3000,3000,,2058,永豐板盛,107.00,2000,6000 
2059,永豐板盛,107.50,752,0,,2060,永豐復興,107.00,1000,2000 
2061,永豐復興,108.00,4000,0,,,,,, 
