,券商,買進,賣出,買超,均買價,均賣價,券商,買進,賣出,買超,均買價,均賣價
0,摩根大通,1918.01,490.0,1428.01,107.23,107.74,富邦,802.74,3006.47,-2203.72,107.04,107.68
1,台灣匯立,1493.8,250.0,1243.8,107.31,107.5,凱基台北,1485.01,2798.0,-1312.99,107.23,107.16
2,元富,780.0,35.0,745.0,107.32,107.1,瑞士信貸,0.0,1153.0,-1153.0,,107.51
3,元富花蓮,2270.1,1608.0,662.1,107.96,107.5,合庫桃園,25.0,317.05,-292.05,107.94,107.02
4,港商法興,586.0,22.0,564.0,107.2,107.0,港麥格理,94.0,362.0,-268.0,107.07,107.0
5,臺銀,515.57,25.9,489.67,107.39,107.01,兆豐,228.0,430.0,-202.0,107.03,107.04
6,美商高盛,983.77,495.6,488.17,107.46,107.11,元大佳里,3.2,172.0,-168.8,107.16,107.0
7,台灣摩根,1114.0,656.0,458.0,107.48,107.16,美林,1498.0,1634.56,-136.56,107.21,107.02
8,法銀巴黎,384.0,0.0,384.0,107.11,,華南虎尾,2.0,109.44,-107.44,107.5,107.33
9,台新,280.75,60.98,219.77,107.26,107.1,群益新莊,1.0,102.0,-101.0,108.0,107.0
10,凱基站前,498.35,288.0,210.35,106.94,107.19,富邦左營,5.48,102.62,-97.14,107.27,107.0
11,凱基高美,127.04,4.3,122.74,107.37,107.27,瑞銀,1840.0,1932.0,-92.0,107.18,107.23
12,統一三重,326.0,211.0,115.0,107.02,107.26,凱基,21.0,111.0,-90.0,107.33,107.31
13,元大忠孝,114.2,13.0,101.2,107.85,107.54,日盛台中,3.15,86.7,-83.55,107.32,107.46
14,凱基復興,109.38,15.0,94.38,107.01,107.5,元大內湖,24.0,107.15,-83.15,107.1,107.95
15,國泰綜合,93.66,0.0,93.66,107.48,107.0,國票敦北,109.0,178.2,-69.2,106.98,107.01
16,花旗環球,809.0,726.6,82.4,107.34,107.48,華南麻豆,0.01,64.0,-63.99,107.0,106.7
17,元大,439.06,376.02,63.04,107.27,107.71,元富文心,0.0,59.0,-59.0,,107.93
18,國票南京,60.1,2.0,58.1,107.17,107.0,新光,169.21,227.28,-58.07,107.1,107.37
19,日盛木柵,55.51,0.0,55.51,107.03,,港商野村,39.0,95.0,-56.0,107.5,108.0
20,亞東,62.66,12.12,50.54,107.08,107.46,元富松德,22.3,78.0,-55.7,107.23,107.28
21,群益內湖,51.05,4.5,46.55,107.0,107.28,中國信託,28.45,81.86,-53.4,107.32,106.94
22,群益東大,52.0,7.0,45.0,107.49,107.21,國票南科,10.5,62.7,-52.2,107.02,107.09
23,元富台南,52.0,10.4,41.6,107.02,107.02,國票桃園,0.0,52.0,-52.0,,107.0
24,兆豐台南,42.0,1.0,41.0,107.48,107.5,上海匯豐,0.0,51.84,-51.84,,107.37
25,大展台南,40.0,1.0,39.0,107.5,107.5,凱基湖口,12.2,61.14,-48.94,106.99,107.98
26,宏遠,150.03,114.0,36.03,106.83,107.53,永豐博愛,3.0,48.0,-45.0,107.0,107.11
27,元富三重,34.04,0.0,34.04,107.91,,兆豐板橋,0.0,45.0,-45.0,,106.98
28,兆豐南門,33.0,0.0,33.0,107.03,,日盛八德,3.02,46.0,-42.98,107.17,107.0
29,永豐豐原,32.13,0.05,32.08,107.02,107.0,元大台北,19.0,60.0,-41.0,107.32,107.79
30,兆豐中港,38.06,11.55,26.51,107.09,107.56,凱基新豐,10.2,50.0,-39.8,107.01,106.9
31,日盛二林,36.0,10.0,26.0,107.14,107.5,富邦基隆,1.0,40.0,-39.0,107.0,106.91
32,元大彰生,31.08,6.0,25.08,107.32,107.42,群益永和,5.02,41.0,-35.98,107.0,107.18
33,元大經國,37.0,12.2,24.8,107.08,107.17,凱基彰化,6.62,38.3,-31.68,107.03,107.82
34,國票中正,26.0,2.0,24.0,107.48,107.75,康和嘉義,4.4,35.1,-30.7,107.35,106.79
35,元大新莊,29.0,5.24,23.76,107.38,107.6,凱基汐止,1.0,30.0,-29.0,107.0,107.42
36,永豐苓雅,60.48,37.8,22.68,107.02,107.39,台新左楠,2.1,31.0,-28.9,107.98,107.16
37,玉山高雄,38.1,15.58,22.52,107.66,107.17,富邦板橋,9.24,35.21,-25.98,107.44,107.1
38,統一,43.31,21.1,22.21,107.43,107.59,元富同大,6.0,31.17,-25.17,107.08,107.14
39,亞東新竹,21.0,0.0,21.0,107.14,,華南永昌,7.15,32.15,-25.0,107.78,106.95
40,富邦新店,37.05,16.2,20.85,107.73,107.43,元大清水,9.0,34.0,-25.0,107.06,107.06
41,凱基東勢,24.0,4.0,20.0,107.42,107.0,元大大同,5.23,29.3,-24.07,107.77,107.1
42,富邦台中,23.0,3.02,19.98,107.2,107.5,群益竹南,10.28,34.0,-23.72,107.01,107.04
43,元大嘉義,22.22,2.3,19.92,107.27,107.0,凱基長庚,25.0,48.0,-23.0,107.3,107.12
44,台新新營,25.4,5.5,19.9,107.89,107.18,宏遠中和,0.0,23.0,-23.0,,107.48
45,臺銀臺中,35.42,18.15,17.27,107.1,107.14,國泰高雄,10.9,33.18,-22.28,107.42,107.01
46,富邦羅東,24.0,8.0,16.0,107.44,107.44,新光台中,45.06,67.3,-22.24,107.4,107.11
47,元大大天,19.01,3.02,15.99,107.6,107.33,日盛,4.18,26.0,-21.82,107.13,107.02
48,富邦高雄,19.06,3.11,15.95,107.47,107.48,元富台中,7.0,28.1,-21.1,107.57,107.38
49,兆豐大安,558.0,542.05,15.95,107.03,107.5,華南岡山,5.0,26.05,-21.05,107.5,107.33
50,元大西門,25.01,9.2,15.81,107.34,107.33,國票和平,5.01,26.0,-20.99,107.5,107.21
51,台新高雄,33.36,18.17,15.19,107.1,107.47,玉山板橋,2.03,22.09,-20.06,107.49,107.02
52,凱基岡山,23.4,8.3,15.1,107.9,107.26,宏遠光隆,2.1,22.1,-20.0,107.24,107.09
53,第一安和,15.0,0.0,15.0,107.07,,元富敦南,2.0,22.0,-20.0,107.0,107.5
54,日盛斗六,15.0,0.0,15.0,107.0,,元大新生,0.02,19.8,-19.78,107.0,107.07
55,元大楊梅,19.71,5.06,14.66,107.03,107.01,高橋,6.0,25.2,-19.2,107.58,106.84
56,群益嘉義,15.3,1.0,14.3,107.27,108.0,豐農,3.0,22.0,-19.0,107.0,107.0
57,凱基三多,16.0,1.7,14.3,107.75,107.29,元富緯城,2.05,21.02,-18.98,107.74,107.14
58,群益東湖,18.0,4.0,14.0,107.11,107.0,元大北府,5.25,24.0,-18.75,107.95,107.02
59,永豐台中,21.28,8.3,12.98,107.68,107.12,元大八德,0.0,18.03,-18.03,,107.03
60,國泰松江,32.05,19.23,12.82,106.95,107.34,康和,21.0,39.0,-18.0,107.0,107.0
61,富邦陽明,17.65,5.11,12.54,107.38,107.49,台新建北,0.0,18.0,-18.0,,107.0
62,日進,16.0,4.0,12.0,107.06,107.75,第一台南,3.11,21.05,-17.94,107.48,107.33
63,臺銀金山,20.0,8.0,12.0,107.15,107.31,凱基中山,3.0,20.2,-17.2,107.0,107.08
64,國票南港,13.0,1.0,12.0,107.0,107.0,元大善化,3.1,20.0,-16.9,107.32,107.02
65,?亞鑫豐,32.05,20.1,11.95,107.61,107.27,日盛景美,27.0,43.3,-16.3,106.94,106.99
66,國泰新莊,27.21,15.9,11.3,107.31,107.5,永豐內湖,71.0,87.0,-16.0,107.49,107.04
67,國泰敦南,122.45,111.3,11.15,107.24,107.2,合庫新竹,7.0,23.0,-16.0,107.57,107.07
68,康和內湖,18.0,7.0,11.0,107.08,107.5,富邦虎尾,2.03,18.0,-15.97,107.49,108.0
69,宏遠台南,22.0,11.0,11.0,107.73,107.23,臺銀新竹,1.05,16.2,-15.15,107.0,107.0
70,群益三民,15.0,4.01,10.99,107.33,107.37,群益東門,6.17,21.08,-14.91,107.16,107.52
71,元大屏南,15.05,4.08,10.97,107.13,107.25,兆豐嘉義,3.1,18.0,-14.9,107.18,107.03
72,元大屏生,11.86,1.15,10.7,107.29,107.5,元富城東,4.16,19.02,-14.85,107.38,107.39
73,元大苗栗,13.5,3.0,10.5,107.0,107.33,合庫台中,19.35,33.9,-14.55,107.63,107.16
74,元大南投,10.1,0.0,10.1,107.54,,合庫高雄,1.1,15.4,-14.3,107.91,107.11
75,凱基宜蘭,11.1,1.0,10.1,107.18,106.5,京城南京,3.0,17.0,-14.0,107.0,107.59
76,日盛和美,14.0,4.0,10.0,107.18,106.88,群益北高,3.0,17.0,-14.0,107.17,107.18
77,凱基豐中,10.0,0.0,10.0,107.3,,永豐員林,2.1,16.0,-13.9,107.0,107.0
78,統一敦南,10.5,1.0,9.5,106.9,107.0,群益萬華,1.31,15.0,-13.69,107.12,107.17
79,元大員林,11.43,2.0,9.43,107.67,107.5,土　　銀,10.5,24.0,-13.5,107.0,107.5
80,凱基三重,18.22,9.0,9.22,107.6,107.22,群益敦南,3.13,16.2,-13.07,107.48,107.04
81,元大歸仁,11.1,2.0,9.1,107.32,107.0,兆豐西螺,0.0,13.0,-13.0,,107.04
82,日盛宜蘭,16.0,7.0,9.0,107.0,107.0,企銀,2.0,15.0,-13.0,107.0,107.07
83,兆豐員林,14.0,5.0,9.0,106.96,107.3,美好富順,3.0,16.0,-13.0,107.67,107.25
84,華南東勢,11.0,2.0,9.0,107.0,107.0,群益松山,0.02,13.0,-12.98,107.0,107.0
85,合庫三重,10.0,1.0,9.0,107.0,107.0,第一新興,3.06,16.0,-12.94,107.33,107.03
86,中信中壢,29.02,20.1,8.93,107.28,107.15,玉山城中,4.0,16.64,-12.64,107.75,107.1
87,日盛新莊,18.1,9.35,8.75,107.3,107.39,元大左營,11.0,23.52,-12.52,107.45,107.05
88,元大南屯,9.5,1.0,8.5,107.05,107.5,日盛嘉義,0.0,12.0,-12.0,,107.08
89,永豐三重,10.5,2.04,8.46,107.59,107.25,元富佳里,2.1,14.0,-11.9,107.02,107.04
90,新光桃園,26.39,18.15,8.24,107.12,107.47,大昌新店,10.0,21.7,-11.7,107.1,107.07
91,統一台南,10.1,2.0,8.1,107.0,106.75,元大成功,4.0,15.66,-11.66,107.38,107.48
92,日盛頭份,13.05,5.0,8.05,107.31,106.9,國泰台中,53.16,64.47,-11.31,107.48,107.06
93,新光台南,20.17,12.13,8.04,107.2,107.29,統一中壢,8.0,19.02,-11.02,107.56,107.13
94,國票天祥,12.02,4.0,8.02,107.33,107.38,統一新竹,0.02,11.04,-11.02,107.5,107.0
95,國泰桃園,17.17,9.17,8.0,106.91,107.49,永豐北高,3.1,14.07,-10.97,107.15,106.64
96,永豐羅東,11.0,3.0,8.0,107.09,107.5,土銀新竹,1.05,12.0,-10.95,107.98,107.5
97,兆豐城中,8.0,0.0,8.0,107.69,,元富潮洲,3.05,14.0,-10.95,107.5,107.0
98,兆豐岡山,11.0,3.0,8.0,107.18,107.0,永豐萬盛,25.52,36.3,-10.78,107.47,107.59
99,元大北屯,12.0,4.2,7.8,107.67,107.26,台新中壢,0.0,10.53,-10.53,,107.0
100,元大斗六,11.5,4.0,7.5,107.36,107.0,元大中港,8.06,18.56,-10.5,107.62,106.76
101,玉山新竹,8.25,1.0,7.25,107.43,107.0,玉山台中,5.05,15.42,-10.37,107.5,107.08
102,玉山雙和,9.14,2.0,7.14,107.01,107.5,元富宜蘭,1.0,11.0,-10.0,107.5,107.0
103,元富嘉義,9.23,2.1,7.13,107.28,107.0,群益海山,5.0,15.0,-10.0,107.2,107.1
104,玉山南京,19.11,12.0,7.11,107.18,107.42,國票彰化,0.0,10.0,-10.0,,107.0
105,致和佳里,18.0,10.91,7.09,107.56,107.0,永豐台南,4.16,14.1,-9.94,107.01,107.43
106,國票安和,24.0,17.0,7.0,107.29,107.29,富邦嘉義,6.11,16.04,-9.93,107.41,107.06
107,陽信,9.0,2.0,7.0,107.56,107.0,統一彰化,610.2,620.05,-9.85,107.34,107.5
108,大昌安康,8.0,1.0,7.0,107.19,107.0,富邦花蓮,2.15,12.0,-9.85,107.5,107.08
109,華南小港,9.0,2.0,7.0,107.5,107.5,國泰板橋,47.25,57.08,-9.83,107.48,107.14
110,凱基城中,10.05,3.1,6.95,107.55,107.0,大展,2.33,12.0,-9.67,107.0,107.46
111,元大大安,8.02,1.1,6.92,107.62,107.95,元大蘆洲,7.1,16.6,-9.49,107.77,107.06
112,永豐敦南,10.03,3.2,6.83,107.65,107.17,康和台中,9.0,18.44,-9.44,106.89,107.53
113,?亞網路,14.0,7.21,6.79,107.43,106.51,第一頭份,1.1,10.2,-9.1,107.05,107.01
114,富邦北港,8.35,1.8,6.55,107.6,107.22,群益台南,0.9,10.0,-9.1,107.44,107.1
115,元大天母,9.01,2.5,6.51,107.28,107.2,兆豐竹北,0.0,9.1,-9.1,,107.49
116,群益延平,12.5,6.08,6.42,107.2,107.0,元大北港,2.01,11.1,-9.09,107.25,107.23
117,元大上新,13.2,6.83,6.37,106.99,107.57,元大大里,7.14,16.15,-9.01,107.78,107.13
118,元大太平,10.19,4.0,6.18,107.1,107.37,宏遠館前,1.0,10.0,-9.0,107.0,107.0
119,群益屏東,6.03,0.0,6.03,107.58,,元大館前,10.12,19.1,-8.98,107.55,107.0
120,統一內湖,7.0,1.0,6.0,107.5,108.0,統一宜蘭,1.1,10.0,-8.9,107.0,106.6
121,元富古亭,7.0,1.0,6.0,107.14,107.5,富邦仁愛,14.26,23.08,-8.81,107.32,107.23
122,凱基八德,6.0,0.0,6.0,107.0,,華南台中,4.26,13.01,-8.75,107.25,107.38
123,台新新莊,14.0,8.0,6.0,107.71,107.12,富邦三重,6.31,15.03,-8.72,107.48,107.07
124,群益士林,8.0,2.05,5.95,107.31,107.5,富邦新竹,31.38,40.08,-8.7,107.12,107.04
125,元大學府,8.0,2.09,5.91,107.12,107.0,元大土城,0.31,8.78,-8.47,107.0,107.03
126,國泰忠孝,7.14,1.26,5.88,107.57,107.0,永豐松山,125.1,133.56,-8.46,107.69,107.46
127,聯邦興中,10.34,5.0,5.34,107.0,107.5,中信託新,162.55,171.0,-8.45,107.25,107.23
128,元大台中,11.33,6.02,5.3,107.0,106.84,玉山大里,3.4,11.79,-8.39,107.15,107.3
129,元大城東,18.32,13.07,5.25,107.06,107.08,統一台中,6.0,14.34,-8.34,107.08,107.63
130,永豐桃園,15.5,10.35,5.15,107.08,107.11,大昌樹林,1.02,9.3,-8.28,107.0,106.95
131,日盛忠孝,8.03,3.0,5.03,107.19,107.5,美好楊梅,2.0,10.1,-8.1,107.5,107.05
132,光和田中,5.0,0.0,5.0,107.6,,永豐虎尾,3.0,11.0,-8.0,107.67,107.45
133,第一桃園,8.0,3.0,5.0,107.12,107.0,企銀太平,2.0,10.0,-8.0,107.0,107.0
134,元大古亭,8.0,3.0,5.0,107.5,107.0,凱基市府,1.0,9.0,-8.0,107.0,107.22
135,大昌,8.0,3.0,5.0,107.31,107.33,華南鳳山,4.0,12.0,-8.0,107.88,107.21
136,群益台中,15.0,10.0,5.0,107.57,106.95,國票台中,3.0,11.0,-8.0,107.0,107.45
137,永全,8.0,3.0,5.0,107.19,106.83,永豐新店,4.0,12.0,-8.0,107.12,107.75
138,永興大墩,22.0,17.0,5.0,107.09,107.35,凱基中港,2.11,10.1,-7.99,107.71,107.79
139,永豐嘉義,5.0,0.0,5.0,107.0,,元大花蓮,6.24,14.2,-7.96,107.41,107.14
140,日盛三峽,5.0,0.0,5.0,107.0,,群益古亭,2.15,10.1,-7.95,107.92,107.0
141,群益鳳山,9.0,4.0,5.0,107.0,107.38,亞東板橋,5.4,13.0,-7.6,107.96,107.5
142,華南林口,7.16,2.25,4.91,107.43,107.22,兆豐天母,0.0,7.4,-7.4,,106.93
143,臺銀鳳山,22.23,17.49,4.74,107.58,107.13,華南彰化,2.0,9.3,-7.3,108.0,107.16
144,凱基埔墘,4.55,0.0,4.55,107.0,,永豐潮州,0.0,7.14,-7.14,,107.07
145,統一汐止,7.4,3.0,4.4,107.57,107.17,永豐高雄,1.04,8.12,-7.08,107.0,107.07
146,中信三重,9.2,5.0,4.2,107.61,107.0,元富板橋,2.01,9.05,-7.04,107.0,107.06
147,元大桃興,5.19,1.0,4.19,107.39,107.5,元富新店,2.01,9.03,-7.02,107.25,107.94
148,永豐敦北,6.14,2.0,4.14,107.24,107.0,凱基永和,1.01,8.0,-6.99,108.0,107.12
149,國票新莊,4.1,0.0,4.1,107.49,,元大竹北,1.05,8.0,-6.95,107.5,107.81
150,華南台南,8.1,4.0,4.1,107.12,107.0,華南斗六,0.06,7.0,-6.94,107.0,106.71
151,臺銀臺南,10.1,6.04,4.06,107.1,107.09,京城,4.1,11.0,-6.9,107.38,107.27
152,中信託忠,15.06,11.0,4.06,107.47,107.18,統一基隆,5.2,12.0,-6.8,107.2,107.54
153,德信中正,11.0,6.98,4.02,107.09,107.43,元大汐止,12.29,19.0,-6.71,107.28,106.97
154,致和金華,5.0,1.0,4.0,107.0,107.0,華南嘉義,2.0,8.71,-6.71,107.0,107.27
155,美好中壢,9.0,5.0,4.0,107.11,107.5,元大萬華,3.0,9.4,-6.4,107.5,107.37
156,福勝,7.0,3.0,4.0,107.29,107.0,元大東港,1.0,7.26,-6.26,108.0,107.02
157,永豐古亭,5.0,1.0,4.0,107.9,107.5,元大金門,1.02,7.13,-6.11,107.0,106.94
158,日盛桃園,8.0,4.0,4.0,107.25,107.0,兆豐高雄,110.0,116.1,-6.1,107.06,107.0
159,國票綜合,12.0,8.1,3.9,107.08,107.43,玉山台南,4.05,10.15,-6.1,107.62,107.2
160,日盛永康,5.0,1.1,3.9,107.2,107.45,富邦彰化,1.06,7.1,-6.04,108.45,107.0
161,元大頭份,3.84,0.0,3.84,107.39,,凱基和平,1.0,7.02,-6.02,107.5,107.0
162,永豐竹科,14.02,10.2,3.82,107.11,107.15,華南楠梓,1.05,7.06,-6.01,107.95,107.07
163,中信託永,8.0,4.2,3.8,107.69,107.0,國票台南,2.0,8.0,-6.0,107.5,107.25
164,日盛高雄,8.1,4.4,3.7,107.25,107.05,土銀彰化,1.0,7.0,-6.0,108.0,107.14
165,臺銀高雄,11.1,7.47,3.63,107.45,107.05,日盛士林,2.0,8.0,-6.0,107.25,107.19
166,中信嘉義,3.59,0.0,3.59,107.14,,合庫西台,1.0,7.0,-6.0,107.5,107.43
167,日盛雙和,7.0,3.5,3.5,107.36,107.14,富邦竹東,3.0,9.0,-6.0,107.33,107.28
168,凱基永康,5.0,1.53,3.47,107.0,107.83,兆豐台中,0.0,5.95,-5.95,,107.38
169,永豐金,34.55,31.16,3.39,107.32,107.19,富邦建國,19.69,25.56,-5.87,107.16,107.22
170,台新台中,25.2,21.98,3.23,107.18,107.09,元富城中,13.14,19.0,-5.86,107.77,107.32
171,國票北高,5.2,2.0,3.2,107.0,107.25,日盛花蓮,3.2,9.0,-5.8,107.16,107.44
172,中信松江,4.2,1.0,3.2,107.36,108.0,元富新興,7.2,13.0,-5.8,106.94,107.08
173,富邦員林,29.2,26.03,3.17,107.5,107.46,元大大灣,7.24,13.01,-5.77,107.77,106.69
174,元大復北,6.11,3.0,3.11,107.33,107.5,元大桃園,0.43,6.0,-5.57,107.12,107.17
175,光和花壇,3.1,0.0,3.1,107.48,,新光新竹,9.64,15.12,-5.48,107.07,107.26
176,土銀台南,3.07,0.0,3.07,107.16,,元大樹林,11.0,16.25,-5.25,107.45,107.18
177,玉山新莊,7.1,4.09,3.01,107.21,107.37,元大板三,6.8,12.05,-5.25,107.23,107.33
178,日盛樹林,16.01,13.0,3.01,107.34,107.23,中銀員林,2.01,7.2,-5.19,107.25,107.07
179,群益忠孝,3.0,0.0,3.0,107.67,,兆豐寶成,3.2,8.39,-5.19,107.0,107.48
180,兆豐桃園,6.0,3.0,3.0,107.42,107.5,元大敦南,0.0,5.15,-5.15,,107.3
181,元大竹山,5.0,2.0,3.0,107.1,107.25,元大彰化,5.0,10.04,-5.04,107.4,107.1
182,凱基台南,12.2,9.2,3.0,107.38,107.05,凱基高雄,2.0,7.03,-5.03,107.25,107.57
183,土銀嘉義,3.0,0.0,3.0,107.0,,華南長虹,3.0,8.02,-5.02,107.17,107.12
184,永豐復興,5.0,2.0,3.0,107.8,107.0,元大四維,4.17,9.17,-5.0,107.13,107.12
185,日茂南投,5.0,2.0,3.0,108.0,108.0,聯邦大業,0.0,5.0,-5.0,,107.2
186,日盛土城,5.0,2.0,3.0,107.5,107.0,中銀豐原,3.0,8.0,-5.0,107.17,107.31
187,第一忠孝,5.0,2.0,3.0,107.2,107.0,第一華江,15.0,20.0,-5.0,107.13,107.0
188,元大發財,11.0,8.01,2.99,107.0,106.94,元大鹿港,3.0,8.0,-5.0,107.67,107.25
189,元大三重,3.0,0.02,2.98,107.17,107.5,日盛豐原,0.0,5.0,-5.0,,106.84
190,凱基科園,3.02,0.05,2.97,107.33,107.5,元大民生,1.0,6.0,-5.0,108.0,107.42
191,元大基隆,4.01,1.05,2.96,107.0,107.02,兆豐忠孝,2.0,7.0,-5.0,107.0,107.29
192,富邦台北,18.2,15.25,2.95,107.22,107.39,凱基虎尾,2.0,7.0,-5.0,107.0,107.07
193,統一三多,5.0,2.1,2.9,107.5,107.02,凱基雙和,2.0,7.0,-5.0,107.5,107.21
194,元富信義,4.0,1.1,2.9,107.12,107.0,兆豐彰化,2.0,7.0,-5.0,107.25,107.29
195,華南南京,8.07,5.31,2.76,107.62,107.42,第一中壢,6.01,11.0,-4.99,107.42,107.5
196,元富永和,3.7,1.0,2.7,107.23,107.5,凱基苗栗,1.01,6.0,-4.99,107.0,107.5
197,元大西屯,3.61,1.0,2.61,107.08,107.5,華南敦南,1.02,6.0,-4.98,107.0,107.42
198,富邦中壢,7.64,5.1,2.54,107.21,107.6,元大路竹,8.28,13.2,-4.92,107.0,106.97
199,元大長庚,21.5,19.01,2.49,107.05,107.03,彰銀台中,1.1,6.0,-4.9,106.95,107.58
200,元大中壢,19.86,17.6,2.26,107.76,107.37,元富大昌,15.14,20.0,-4.86,107.24,107.1
201,康和新竹,2.25,0.0,2.25,107.0,,合庫自強,5.0,9.3,-4.3,107.2,107.05
202,華南世貿,8.21,6.0,2.21,107.07,107.42,台新台南,7.01,11.2,-4.19,107.5,107.0
203,元大承德,6.15,4.0,2.15,107.0,106.88,玉山士林,5.03,9.1,-4.07,107.0,107.34
204,元大沙鹿,7.15,5.0,2.15,107.35,107.0,凱基桃園,9.95,14.01,-4.06,107.43,107.0
205,群益宜蘭,4.14,2.0,2.14,107.12,107.0,凱基中壢,3.1,7.15,-4.06,106.84,107.28
206,兆豐大同,2.1,0.0,2.1,107.26,,永豐永康,11.01,15.06,-4.05,107.45,107.73
207,凱基興隆,3.3,1.2,2.1,107.33,107.5,永豐竹北,16.15,20.2,-4.05,107.16,107.02
208,國票中和,10.1,8.0,2.1,107.35,107.12,中信託文,13.2,17.23,-4.03,107.0,107.0
209,永豐板新,5.1,3.0,2.1,107.3,107.83,元大基孝,6.12,10.13,-4.01,107.24,107.64
210,元大西螺,6.04,4.0,2.04,107.0,107.75,群益土城,0.01,4.02,-4.01,106.58,107.25
211,國票博愛,4.0,2.0,2.0,107.5,107.25,富邦敦南,15.0,19.0,-4.0,107.13,107.08
212,中銀台北,3.0,1.0,2.0,108.0,107.0,永豐信義,0.0,4.0,-4.0,,107.25
213,凱基三峽,2.0,0.0,2.0,107.5,,安泰大發,2.0,6.0,-4.0,107.0,107.5
214,企銀北高,2.0,0.0,2.0,107.0,,永豐新竹,15.0,19.0,-4.0,107.7,107.42
215,華南大安,5.0,3.0,2.0,107.9,107.0,凱基竹北,7.0,11.0,-4.0,107.79,106.73
216,聯邦三重,2.0,0.0,2.0,107.5,,兆豐東門,1.0,5.0,-4.0,107.5,107.2
217,第一稻埕,5.0,3.0,2.0,107.4,107.33,亞東台南,25.0,29.0,-4.0,107.2,107.43
218,日盛台南,3.0,1.0,2.0,107.33,107.0,元大鳳山,7.0,11.0,-4.0,107.36,107.23
219,永興水湳,3.0,1.0,2.0,107.17,107.0,元大松山,1.0,5.0,-4.0,108.0,108.0
220,凱基民權,2.0,0.0,2.0,107.5,,企銀桃園,0.0,4.0,-4.0,,107.25
221,元富吉利,3.0,1.0,2.0,107.17,107.0,致和府前,0.0,4.0,-4.0,,107.0
222,群益基隆,3.0,1.0,2.0,107.33,107.5,凱基天母,0.0,4.0,-4.0,,107.0
223,群益桃園,3.0,1.0,2.0,107.17,107.0,元大仁愛,1.0,5.0,-4.0,107.0,107.7
224,元富新竹,3.0,1.0,2.0,108.0,107.0,兆豐桃鶯,1.2,5.2,-4.0,107.46,107.96
225,寶盛,2.0,0.0,2.0,107.25,,康和台南,4.0,8.0,-4.0,107.12,107.38
226,統一板橋,3.0,1.0,2.0,107.33,107.0,元大新營,0.01,4.0,-3.99,107.0,107.12
227,土銀白河,2.0,0.0,2.0,107.0,,日盛屏東,1.01,5.0,-3.99,107.99,107.35
228,康和延平,2.0,0.0,2.0,107.0,,玉山左營,6.02,10.0,-3.98,107.17,107.2
229,元富中原,2.05,0.08,1.97,107.0,107.5,元大新盛,16.03,20.0,-3.97,107.72,107.4
230,台新三民,33.04,31.1,1.94,107.05,107.16,統一城中,0.05,4.0,-3.95,107.0,107.12
231,美好泰山,2.0,0.1,1.9,107.0,107.5,華南頭份,0.05,4.0,-3.95,107.5,107.38
232,元大高雄,9.0,7.12,1.88,107.22,107.15,永豐中盛,4.12,8.0,-3.88,107.24,107.06
233,統一土城,2.1,0.35,1.75,107.0,107.5,元富中壢,6.12,10.01,-3.88,107.83,107.0
234,元富高雄,2.01,0.35,1.66,107.0,107.03,富邦南屯,2.12,6.0,-3.88,107.47,106.92
235,國票南崁,1.6,0.0,1.6,107.31,,元大福營,0.24,4.0,-3.76,107.0,107.38
236,凱基信義,1.5,0.05,1.45,107.5,107.0,合　　庫,9.4,13.11,-3.71,107.96,107.0
237,元富基隆,3.22,1.82,1.4,107.0,106.78,元大永和,10.03,13.7,-3.67,107.3,107.51
238,兆豐中壢,2.4,1.0,1.4,107.83,107.0,富邦桃園,6.5,10.15,-3.65,107.0,107.0
239,安泰,4.39,3.0,1.39,107.04,107.33,元大永寧,4.6,8.04,-3.45,107.11,107.19
240,美好蘆洲,8.3,7.0,1.3,107.01,107.0,元大崇德,3.0,6.34,-3.34,107.67,107.38
241,第一路竹,2.28,1.0,1.27,107.66,107.0,元大站前,2.2,5.46,-3.26,107.93,107.28
242,元大府城,3.32,2.05,1.26,107.75,107.0,永豐板盛,2.75,6.0,-3.25,107.14,107.0
243,群益高雄,6.25,5.0,1.25,107.88,107.1,凱基東門,0.0,3.2,-3.2,,107.02
244,永豐大園,11.25,10.0,1.25,107.05,107.0,光和,5.0,8.15,-3.15,107.3,107.12
245,元大六合,259.22,258.0,1.22,107.03,107.17,元大向上,0.05,3.2,-3.15,107.0,107.16
246,凱基員林,1.2,0.0,1.2,107.08,,群益,1.02,4.07,-3.05,107.0,107.13
247,陽信石牌,3.2,2.0,1.2,107.03,107.5,第一澎湖,2.0,5.01,-3.01,107.0,107.1
248,元富世貿,4.2,3.0,1.2,107.26,107.0,日盛中山,0.0,3.0,-3.0,,107.33
249,元大木柵,1.2,0.02,1.18,107.42,107.5,日盛中壢,0.0,3.0,-3.0,,107.17
250,元大南京,8.15,7.0,1.15,107.12,107.07,光和嘉義,2.0,5.0,-3.0,108.0,107.5
251,兆豐民生,1.14,0.0,1.14,107.06,,日盛內湖,0.0,3.0,-3.0,,107.17
252,永豐新莊,5.0,3.88,1.12,107.2,107.11,統一屏東,11.0,14.0,-3.0,107.32,107.64
253,元大龍潭,9.13,8.02,1.11,107.77,107.06,永興,0.0,3.0,-3.0,,107.0
254,凱基敦北,1.1,0.0,1.1,107.05,,永豐市政,11.0,14.0,-3.0,108.36,107.07
255,華南新莊,1.1,0.0,1.1,106.55,,華南中正,19.0,22.0,-3.0,107.05,107.02
256,元大文心,13.1,12.0,1.1,107.84,107.21,元大東蘆,12.0,15.0,-3.0,107.17,107.37
257,富邦苗栗,26.13,25.04,1.09,107.13,107.18,元大苑裡,5.0,8.0,-3.0,107.4,107.12
258,元大景美,2.08,1.0,1.08,107.0,107.5,元富成功,5.01,8.0,-2.99,107.0,107.0
259,兆豐公益,8.02,7.0,1.02,107.31,107.07,凱基竹科,1.32,4.3,-2.98,107.75,107.71
260,凱基五股,1.12,0.1,1.02,107.45,107.0,第一員林,2.03,5.0,-2.97,107.49,107.3
261,富邦宜蘭,6.11,5.1,1.01,106.99,107.01,凱基士林,0.05,3.0,-2.95,107.0,107.33
262,華南忠孝,1.01,0.0,1.01,107.5,,元大博愛,12.13,15.06,-2.93,107.16,107.33
263,元大台南,9.0,8.0,1.0,107.5,107.38,元大新竹,21.15,24.08,-2.93,107.9,107.06
264,元富西松,4.0,3.0,1.0,107.75,106.83,安泰楠梓,0.1,3.0,-2.9,107.0,107.17
265,群益瑞豐,7.0,6.0,1.0,107.0,107.33,宏遠台中,0.1,3.0,-2.9,107.25,107.33
266,群益新店,2.0,1.0,1.0,107.0,107.0,元大大益,2.2,5.1,-2.9,107.0,106.9
267,第一嘉義,2.0,1.0,1.0,107.5,108.0,統一士林,0.2,3.05,-2.85,107.5,107.16
268,聯邦,1.0,0.0,1.0,106.5,,元大莒光,1.0,3.8,-2.8,107.5,107.11
269,致和高雄,1.0,0.0,1.0,107.0,,北城,5.2,8.0,-2.8,107.0,107.0
270,第一新竹,4.0,3.0,1.0,107.25,106.83,第一光復,0.22,3.0,-2.78,107.45,107.17
271,群益中港,11.0,10.0,1.0,107.95,107.5,元大板橋,0.97,3.64,-2.68,107.21,107.29
272,統一嘉義,3.0,2.0,1.0,107.17,107.0,企銀豐原,0.0,2.65,-2.65,,106.62
273,元大民雄,1.0,0.0,1.0,107.0,,元大永康,2.39,5.01,-2.62,107.42,107.9
274,元大華山,2.0,1.0,1.0,107.0,107.0,群益西松,4.0,6.5,-2.5,107.12,107.08
275,元大東泰,7.1,6.1,1.0,107.28,107.41,元大林森,3.61,6.04,-2.43,107.35,107.42
276,統一永和,1.0,0.0,1.0,107.5,,富邦台南,2.1,4.4,-2.3,107.02,107.47
277,統一員林,1.0,0.0,1.0,107.0,,群益開元,2.0,4.28,-2.27,107.0,107.23
278,統一高雄,1.0,0.0,1.0,107.0,,元大中山,3.1,5.3,-2.2,107.65,107.31
279,國票中港,1.0,0.0,1.0,106.5,,玉山桃園,9.0,11.2,-2.2,107.17,107.05
280,致和東門,1.0,0.0,1.0,107.0,,群益彰化,1.0,3.1,-2.1,107.0,107.0
281,凱基鳳山,3.0,2.0,1.0,107.17,108.0,兆豐鹿港,20.0,22.1,-2.1,107.22,107.16
282,凱基南崁,2.0,1.0,1.0,107.0,108.0,兆豐北高,9.0,11.1,-2.1,107.0,107.27
283,元大豐原,11.0,10.0,1.0,107.27,107.05,元富桃園,2.0,4.1,-2.1,107.0,107.01
284,康和復興,2.0,1.0,1.0,107.0,107.5,富邦永和,6.02,8.1,-2.08,107.25,107.06
285,凱基嘉義,4.0,3.0,1.0,107.0,107.17,國票北投,0.0,2.06,-2.06,,107.0
286,凱基屏東,2.0,1.0,1.0,108.0,107.0,永豐彰化,0.0,2.06,-2.06,,107.5
287,凱基幸福,4.0,3.0,1.0,107.38,107.17,華南淡水,33.01,35.07,-2.06,107.05,107.3
288,富邦內湖,7.0,6.0,1.0,107.5,107.33,群益高盛,4.0,6.05,-2.05,107.25,107.41
289,大昌桃園,17.0,16.0,1.0,107.12,107.81,凱基松山,2.0,4.04,-2.04,107.5,107.13
290,日盛三重,3.0,2.0,1.0,107.0,107.0,第一自由,2.03,4.05,-2.02,107.0,107.12
291,土銀高雄,3.0,2.0,1.0,107.17,107.25,元大林園,0.0,2.01,-2.01,,107.0
292,華南苑裡,1.0,0.0,1.0,107.0,,富邦岡山,2.1,4.11,-2.01,107.26,107.14
293,土銀士林,2.0,1.0,1.0,107.0,107.5,元大小港,0.14,2.15,-2.01,106.82,107.23
294,永興台中,2.0,1.0,1.0,107.0,107.0,凱基新店,8.0,10.0,-2.0,106.81,107.45
295,永豐南京,1.0,0.0,1.0,107.0,,元富埔里,0.0,2.0,-2.0,,107.0
296,元富彰化,3.0,2.0,1.0,107.0,108.5,群益民權,2.0,4.0,-2.0,107.0,107.0
297,土銀和平,1.0,0.0,1.0,107.0,,日盛信義,3.0,5.0,-2.0,107.67,107.2
298,口袋,1.0,0.0,1.0,107.5,,元大大雅,4.0,6.0,-2.0,107.25,107.33
299,合庫彰化,2.0,1.0,1.0,108.25,107.0,凱基羅東,9.0,11.0,-2.0,107.39,107.05
300,合庫鳳山,2.0,1.0,1.0,107.25,107.5,土銀南港,0.0,2.0,-2.0,,107.25
301,日盛員林,3.0,2.0,1.0,107.17,107.0,兆豐景美,2.0,4.0,-2.0,107.5,107.12
302,兆豐新竹,8.08,7.1,0.98,107.0,107.42,石橋,0.0,2.0,-2.0,,108.5
303,群益大甲,6.03,5.05,0.98,107.0,107.0,德信新營,1.0,3.0,-2.0,107.0,107.67
304,群益中壢,9.02,8.05,0.97,107.11,107.07,國票長城,5.0,7.0,-2.0,107.3,107.07
305,統一平鎮,4.0,3.03,0.97,107.5,107.34,群益潭子,2.0,4.0,-2.0,107.5,106.75
306,永豐板橋,3.0,2.05,0.95,107.0,107.26,華南高雄,1.0,3.0,-2.0,107.0,107.0
307,美好苗栗,1.0,0.05,0.95,107.5,107.0,合庫基隆,1.0,3.0,-2.0,107.5,107.0
308,康和仁愛,11.0,10.1,0.9,107.91,107.0,兆豐來福,10.1,12.1,-2.0,107.45,107.21
309,統一南京,3.0,2.11,0.89,107.17,107.5,華南苗栗,1.0,3.0,-2.0,107.0,107.17
310,凱基板橋,6.02,5.2,0.82,107.08,107.31,永豐屏東,1.0,3.0,-2.0,107.5,107.17
311,凱基林口,2.0,1.2,0.8,107.5,107.42,凱基大安,0.0,2.0,-2.0,,107.0
312,元大金華,2.0,1.2,0.8,107.5,106.58,群益台北,1.0,3.0,-2.0,107.0,106.83
313,華南板橋,34.0,33.2,0.8,107.88,107.47,兆豐永和,0.0,2.0,-2.0,,107.75
314,日盛新竹,3.2,2.4,0.8,107.75,107.04,日盛南京,0.0,2.0,-2.0,,107.0
315,致和,2.0,1.3,0.7,107.0,107.04,光和高雄,0.0,2.0,-2.0,,107.25
316,元大斗信,4.6,3.96,0.64,107.33,107.55,元大竹東,0.0,2.0,-2.0,,108.0
317,玉山,16.16,15.54,0.62,107.28,107.2,華南桃園,1.0,3.0,-2.0,107.5,107.5
318,日盛板橋,5.0,4.42,0.58,107.3,107.16,元大羅東,0.0,2.0,-2.0,,107.0
319,富邦竹北,3.0,2.43,0.57,107.0,107.83,日盛復興,0.0,2.0,-2.0,,107.0
320,凱基市政,4.01,3.5,0.51,107.13,107.57,群益南京,1.0,3.0,-2.0,107.0,107.17
321,凱基內埔,2.0,1.5,0.5,107.0,107.0,美好中和,0.0,2.0,-2.0,107.5,107.0
322,兆豐新營,5.5,5.0,0.5,107.23,107.1,統一竹南,0.01,2.0,-1.99,107.0,106.75
323,日盛園區,0.5,0.0,0.5,107.5,,元大北重,4.01,6.0,-1.99,107.5,107.42
324,台中銀,4.5,4.0,0.5,107.22,107.25,元大南崁,0.03,2.01,-1.98,107.0,107.0
325,元大德芳,7.06,6.6,0.46,107.43,107.16,永豐中和,252.02,254.0,-1.98,107.99,107.99
326,兆豐三民,1.0,0.6,0.4,107.0,107.33,凱基台東,2.03,4.0,-1.97,107.74,107.25
327,群益大安,0.4,0.0,0.4,107.0,,新光高雄,20.06,22.03,-1.97,107.32,107.1
328,元大大甲,3.0,2.6,0.4,107.17,107.5,凱基東港,2.05,4.0,-1.95,107.99,107.0
329,凱基新莊,2.0,1.67,0.33,107.5,107.6,凱基基隆,3.1,5.05,-1.95,107.0,107.5
330,陽信高雄,0.2,0.0,0.2,107.0,,元大北投,0.19,2.09,-1.9,107.5,107.24
331,兆豐復興,10.2,10.0,0.2,107.01,108.0,日盛鳳山,2.1,4.0,-1.9,107.74,107.25
332,第一豐原,0.2,0.0,0.2,107.0,,凱基大里,2.1,4.0,-1.9,107.0,107.38
333,元大南勢,1.1,1.0,0.1,107.95,106.5,元大草屯,6.27,8.1,-1.83,107.14,107.31
334,元大潮州,1.1,1.0,0.1,107.0,106.5,元大士林,8.21,10.01,-1.8,107.49,107.05
335,日盛北高,2.3,2.2,0.1,107.7,107.23,企銀民雄,1.36,3.13,-1.77,107.0,107.34
336,彰銀,2.08,2.0,0.08,107.02,107.0,元大永春,6.0,7.57,-1.57,107.5,107.3
337,群益大興,1.1,1.03,0.07,107.45,107.01,元大鳳中,2.49,4.02,-1.53,107.8,107.5
338,永豐天母,1.11,1.05,0.06,107.46,107.95,群益館前,5.53,7.0,-1.47,107.18,107.43
339,華南內壢,4.1,4.05,0.05,107.49,107.25,兆豐松德,0.0,1.45,-1.45,,106.66
340,日盛龍潭,1.05,1.0,0.05,107.0,107.0,凱基土城,1.56,3.0,-1.44,107.0,106.83
341,宏遠新化,0.03,0.0,0.03,107.01,,元大虎尾,0.7,2.1,-1.4,107.0,107.95
342,元大旗山,6.02,6.0,0.02,107.75,107.42,合庫台南,0.5,1.85,-1.35,107.0,107.34
343,群益丹鳳,2.02,2.0,0.02,107.0,107.5,兆豐小港,0.0,1.25,-1.25,,107.8
344,亞東高雄,2.01,2.0,0.01,107.5,107.0,永豐鳳山,1.06,2.3,-1.24,107.0,107.72
345,統一新台中,6.01,6.0,0.01,107.5,107.08,永豐中壢,1.0,2.2,-1.2,107.0,107.05
346,元大鑫永,0.01,0.0,0.01,107.0,,元大信義,2.0,3.13,-1.13,107.25,107.32
347,土銀玉里,3.0,3.0,0.0,107.0,107.33,第一台中,0.0,1.1,-1.1,,107.0
348,聯邦富強,1.0,1.0,0.0,107.0,107.5,第一彰化,1.0,2.1,-1.1,107.0,106.79
349,聯邦嘉義,1.0,1.0,0.0,107.5,108.5,富邦新營,0.0,1.1,-1.1,,107.5
350,元大南海,3.0,3.0,0.0,107.33,107.33,土銀花蓮,0.0,1.1,-1.1,,107.5
351,元大屏東,8.0,8.0,0.0,107.31,107.0,大昌新竹,0.0,1.1,-1.1,,107.5
352,元大竹南,2.0,2.0,0.0,108.0,107.25,元富安南,9.0,10.1,-1.1,107.33,107.0
353,元富烏日,1.0,1.0,0.0,108.0,107.0,台新松江,2.06,3.14,-1.07,107.97,107.18
354,兆豐南京,3.0,3.0,0.0,107.17,108.0,元大興安,5.25,6.32,-1.07,107.18,107.08
355,兆豐新莊,2.0,2.0,0.0,107.5,107.0,永豐南投,1.0,2.06,-1.06,107.5,107.0
356,兆豐麻豆,1.0,1.0,0.0,107.0,107.0,臺銀民權,7.11,8.15,-1.04,107.0,107.19
357,光和溪湖,2.0,2.0,0.0,107.25,107.5,元大敦化,2.01,3.05,-1.04,108.0,107.17
358,凱基北門,6.0,6.0,0.0,107.0,107.17,華南朴子,2.02,3.04,-1.02,107.99,107.16
359,凱基台中,2.0,2.0,0.0,107.25,107.0,元大大統,7.0,8.01,-1.01,107.14,107.06
360,台企建成,1.0,1.0,0.0,107.0,107.0,富邦台東,1.0,2.0,-1.0,107.5,107.25
361,合庫嘉義,1.0,1.0,0.0,108.0,107.5,華南古亭,0.0,1.0,-1.0,,107.0
362,康和屏東,31.0,31.0,0.0,108.0,107.48,統一新營,0.0,1.0,-1.0,,106.5
363,康和石牌,2.0,2.0,0.0,107.75,107.0,群益新竹,0.0,1.0,-1.0,,107.0
364,康和高雄,5.0,5.0,0.0,107.2,107.4,聯邦高雄,0.0,1.0,-1.0,,107.0
365,日茂,4.0,4.0,0.0,107.0,106.88,群益中山,3.0,4.0,-1.0,107.5,107.38
366,日茂埔里,1.0,1.0,0.0,107.0,107.0,華南民權,0.0,1.0,-1.0,,107.5
367,永全八德,1.0,1.0,0.0,107.0,107.5,致和崇德,1.0,2.0,-1.0,108.0,107.5
368,統一桃園,1.0,1.0,0.0,107.0,107.0,聯邦雙和,0.0,1.0,-1.0,,107.0
369,美好基隆,2.0,2.0,0.0,107.0,107.0,高橋龍潭,7.0,8.0,-1.0,107.0,107.25
370,群益三重,1.0,1.0,0.0,108.0,107.0,康和澎湖,0.0,1.0,-1.0,,107.5
371,高橋內壢,2.0,2.0,0.0,108.0,107.0,康和板橋,1.0,2.0,-1.0,107.5,107.5
372,,,,,,,兆豐虎尾,0.0,1.0,-1.0,,107.0
373,,,,,,,德信,0.0,1.0,-1.0,,107.5
374,,,,,,,新百王,8.0,9.0,-1.0,107.25,107.22
375,,,,,,,宏遠桃園,1.0,2.0,-1.0,107.5,107.75
376,,,,,,,土銀台中,3.0,4.0,-1.0,107.17,107.0
377,,,,,,,日盛文化,5.0,6.0,-1.0,107.1,107.0
378,,,,,,,永全南崁,2.0,3.0,-1.0,107.0,107.0
379,,,,,,,企銀埔墘,0.0,1.0,-1.0,,107.0
380,,,,,,,康和南崁,1.0,2.0,-1.0,107.5,107.5
381,,,,,,,國票內壢,5.0,6.0,-1.0,107.2,107.17
382,,,,,,,永豐桃盛,1.0,2.0,-1.0,107.0,107.0
383,,,,,,,兆豐三重,130.0,131.0,-1.0,107.0,107.5
384,,,,,,,企銀九如,0.0,1.0,-1.0,,107.5
385,,,,,,,中農,0.0,1.0,-1.0,,108.0
386,,,,,,,盈溢籬子內,0.0,1.0,-1.0,,107.5
387,,,,,,,台新屏東,0.0,1.0,-1.0,,107.0
388,,,,,,,凱基大直,2.0,3.0,-1.0,107.0,108.0
389,,,,,,,凱基內湖,0.0,1.0,-1.0,,107.0
390,,,,,,,兆豐內湖,1.0,2.0,-1.0,107.0,107.5
391,,,,,,,國票九鼎,10.0,11.0,-1.0,107.0,107.09
392,,,,,,,華南三重,0.0,1.0,-1.0,107.5,107.5
393,,,,,,,群益崇德,0.01,1.0,-0.99,107.0,107.5
394,,,,,,,元富林園,0.01,1.0,-0.99,107.5,107.5
395,,,,,,,元大學甲,3.03,4.01,-0.98,107.0,107.37
396,,,,,,,元富大裕,0.02,1.0,-0.98,107.0,107.0
397,,,,,,,國泰館前,14.52,15.5,-0.98,107.29,107.18
398,,,,,,,元富虎尾,1.05,2.0,-0.95,107.5,107.5
399,,,,,,,元富新莊,0.05,1.0,-0.95,107.5,108.0
400,,,,,,,元富屏東,1.06,2.0,-0.94,107.5,107.25
401,,,,,,,美好高雄,0.1,1.0,-0.9,107.0,107.0
402,,,,,,,凱基永華,0.1,1.0,-0.9,107.5,107.0
403,,,,,,,元大竹科,5.15,6.05,-0.9,107.39,107.41
404,,,,,,,永豐埔里,4.1,5.0,-0.9,107.74,107.3
405,,,,,,,元大前金,4.13,5.0,-0.87,107.49,107.6
406,,,,,,,統一松江,1.19,2.0,-0.81,107.0,107.0
407,,,,,,,日盛中和,2.2,3.0,-0.8,107.02,107.5
408,,,,,,,第一中山,4.2,5.0,-0.8,107.36,106.5
409,,,,,,,華南東昇,7.2,8.0,-0.8,107.15,107.44
410,,,,,,,元富中港,2.0,2.75,-0.75,107.25,107.03
411,,,,,,,凱基頭份,1.29,2.0,-0.71,107.78,107.5
412,,,,,,,國票嘉義,0.3,1.0,-0.7,107.0,107.0
413,,,,,,,企銀台中,0.3,1.0,-0.7,107.0,107.0
414,,,,,,,華南潮州,1.3,2.0,-0.7,107.04,107.25
415,,,,,,,華南鶯歌,1.38,2.0,-0.62,107.0,107.0
416,,,,,,,元大北成,8.01,8.61,-0.6,107.62,107.06
417,,,,,,,第一金證,2.0,2.55,-0.55,108.0,107.5
418,,,,,,,聯邦忠孝,0.0,0.5,-0.5,,107.0
419,,,,,,,凱基文心,0.0,0.5,-0.5,,107.5
420,,,,,,,元大淡水,4.2,4.7,-0.5,107.36,106.95
421,,,,,,,元大和平,2.0,2.5,-0.5,107.25,107.4
422,,,,,,,元大鶯歌,0.5,1.0,-0.5,107.0,108.0
423,,,,,,,第一高雄,9.5,10.0,-0.5,107.38,107.15
424,,,,,,,元大雙和,10.1,10.54,-0.44,107.1,107.85
425,,,,,,,玉山數位,2.88,3.24,-0.35,107.39,107.31
426,,,,,,,兆豐埔墘,1.0,1.3,-0.3,107.0,107.5
427,,,,,,,永豐忠孝,3.2,3.5,-0.3,107.31,107.57
428,,,,,,,元大中和,3.0,3.25,-0.25,107.17,107.31
429,,,,,,,國泰台南,7.4,7.64,-0.24,107.27,107.43
430,,,,,,,元大新中,3.02,3.23,-0.21,107.33,107.17
431,,,,,,,元富草屯,0.09,0.3,-0.21,107.5,107.0
432,,,,,,,日盛大墩,5.3,5.5,-0.2,107.5,107.05
433,,,,,,,玉山景美,9.13,9.3,-0.17,107.33,107.48
434,,,,,,,高橋中壢,1.0,1.11,-0.11,107.0,107.0
435,,,,,,,華南竹北,0.0,0.1,-0.1,,107.0
436,,,,,,,群益板橋,0.0,0.1,-0.1,,107.5
437,,,,,,,永豐中正,8.2,8.3,-0.1,107.06,107.43
438,,,,,,,玉山嘉義,6.0,6.05,-0.05,107.42,107.41
439,,,,,,,中信託高,99.12,99.15,-0.03,107.02,107.49
440,,,,,,,土銀建國,3.0,3.03,-0.03,106.67,107.0
441,,,,,,,宏遠高雄,3.0,3.01,-0.01,107.17,106.84
442,,,,,,,統一仁愛,0.0,0.01,-0.01,,107.0
443,,,,,,,華南公誠,15.0,15.01,-0.01,107.43,107.4
